DROP TABLE IF EXISTS jeu CASCADE;
DROP TABLE IF EXISTS joueur CASCADE;
DROP TABLE IF EXISTS partie CASCADE;
DROP TABLE IF EXISTS participe CASCADE;

CREATE TABLE jeu (
	idjeu serial primary key,
	titre varchar(50) NOT NULL,
	nbmin int,
	nbmax int,
	est_extension int references jeu(idjeu)
);

CREATE TABLE joueur (
	pseudo varchar(25) primary key,
	nom varchar(25),
	prenom varchar(25),
	naissance date,
	sexe char(1)
);

CREATE TABLE partie (
	idpartie serial primary key,
	idjeu int references jeu(idjeu),
	organisateur varchar(25) references joueur(pseudo),
	statut varchar(10)
);

CREATE TABLE participe (
	pseudo varchar(25) references joueur(pseudo),
	idpartie int references partie(idpartie),
	rang int
);


---Filling table jeu :

INSERT INTO jeu VALUES
(1,'Smallworld',2,5,NULL),
(2,'Saboteur',2,12,NULL),
(3,'7Wonders',3,7,NULL),
(4,'7Wonders - Leaders',3,7,3),
(5,'Abyss',2,4,NULL),
(6,'Abyss Kraken',2,4,5),
(7,'Ricochet Robot',1,10,NULL),
(8,'Dixit',3,6,NULL),
(9,'Scythe',2,5,NULL),
(10,'Codenames',2,6,NULL),
(11,'Smallworld - Honneur aux dames',2,5,1),
(12,'Smallworld - Underground',2,5,1),
(16,'Decrypto',3,8,NULL),
(18,'Belote',4,4,NULL),
(19,'7Wonders - Duel',2,2,NULL),
(20,'6 qui prend!',2,10,NULL),
(21,'Alchimistes',2,4,NULL),
(24,'La guerre des moutons',2,4,NULL),
(25,'Dominion',2,4,NULL),
(26,'Carcassonne',2,5,NULL),
(27,'Prospérité',2,4,25),
(28,'Intrigue',2,4,25),
(29,'Dixit Odyssey',3,6,8),
(30,'7Wonders - Cities',3,7,3);

---Filling table joueurs :

INSERT INTO joueur VALUES
('cor0',NULL,NULL,now() - interval '7615 days','F'),
('ale1','Nalis','Alexandra',now() - interval '7011 days',NULL),
('san2',NULL,NULL,now() - interval '8112 days','F'),
('jad3','Wagner','Jade',now() - interval '7102 days','F'),
('chr4',NULL,NULL,now() - interval '7399 days','M'),
('irè5','Dulac','Irène',now() - interval '6737 days',NULL),
('pru6',NULL,NULL,now() - interval '7398 days',NULL),
('que7','Tautou','Queene',now() - interval '6700 days',NULL),
('fra8','Cock','France',now() - interval '8297 days','F'),
('luc9','Raymond','Lucien',now() - interval '5872 days',NULL),
('tom10','Randu','Tom',now() - interval '8455 days',NULL),
('ben11','Bouris','Benoit',now() - interval '7470 days',NULL),
('dom12','Dimir','Dominique',now() - interval '7360 days','M'),
('fle13',NULL,NULL,now() - interval '8201 days','F'),
('lil14','Epeautre','Lily',now() - interval '7400 days','F'),
('pét15','Candide','Pétra',now() - interval '9412 days',NULL),
('you16','Fernandes','Youssef',now() - interval '8190 days','M'),
('eve17','Dupond','Evelyne',now() - interval '7586 days','F'),
('cam18','Rhada','Camille',now() - interval '6908 days','F'),
('jam19','De Oliveira','James',now() - interval '5830 days','M'),
('fra20',NULL,NULL,now() - interval '5649 days',NULL),
('joa21','Gomez','Joanna',now() - interval '6158 days',NULL),
('arn22','Kabil','Arnaud',now() - interval '5414 days','M'),
('val23',NULL,NULL,now() - interval '7757 days','M'),
('ilh24','Nasse','Ilham',now() - interval '6649 days','M'),
('elo25','Randu','Elodie',now() - interval '7614 days','F'),
('wal26','Lahaye','Walid',now() - interval '6477 days','M'),
('mau27','Désiré','Maud',now() - interval '7663 days','F'),
('ond28','Glau','Ondine',now() - interval '7581 days','F'),
('vic29',NULL,NULL,now() - interval '8330 days','M'),
('hél30','Martin','Hélène',now() - interval '7930 days','F'),
('mat31','Delacour','Mathilde',now() - interval '7720 days','F'),
('mar32','Abiteboul','Marine',now() - interval '8543 days',NULL),
('den33',NULL,NULL,now() - interval '5779 days','M'),
('jea34','Foy','Jean',now() - interval '6880 days','M'),
('lou35','Genty','Louise',now() - interval '8693 days',NULL),
('pru36','Poules','Prudence',now() - interval '7203 days','F'),
('emi37','Toneatto','Emile',now() - interval '6357 days','M'),
('ele38','Joly','Elena',now() - interval '6076 days','F'),
('iph39','Maurin','Iphigénie',now() - interval '8670 days','F'),
('mic40','Dujardin','Michel',now() - interval '7557 days','M'),
('gaë41','Lemoine','Gaëlle',now() - interval '6742 days','F'),
('léo42','Diacre','Léonard',now() - interval '6784 days','M'),
('art43','Mavin','Arthur',now() - interval '6806 days','M'),
('yve44','Scherer','Yves',now() - interval '8112 days','M'),
('eli45','Pallas','Elisabeth',now() - interval '9007 days','F'),
('fau46','Tressy','Faustine',now() - interval '7219 days','F'),
('ala47',NULL,NULL,now() - interval '6055 days',NULL),
('dia48','Watt','Diane',now() - interval '7948 days','F'),
('ann49',NULL,NULL,now() - interval '8373 days',NULL),
('léo50','Etro','Léonard',now() - interval '7539 days','M'),
('bér51',NULL,NULL,now() - interval '7902 days','F'),
('mel52','Orion','Melvin',now() - interval '9352 days','M'),
('dav53',NULL,NULL,now() - interval '7384 days','M'),
('and54','Satouri','André',now() - interval '8501 days','M'),
('océ55','Gigliotti','Océane',now() - interval '7700 days','F'),
('wen56',NULL,NULL,now() - interval '5976 days','F'),
('cha57','Hope','Charlie',now() - interval '7000 days','M'),
('emi58','Raymond','Emilia',now() - interval '7689 days',NULL),
('ben59','Daumesnil','Ben',now() - interval '6216 days','M'),
('pas60','Hiquet','Pascale',now() - interval '7773 days','F'),
('cyn61','Raymond','Cynthia',now() - interval '6418 days','F'),
('chr62',NULL,NULL,now() - interval '8734 days','M'),
('nat63','Dufour','Nathalie',now() - interval '6704 days',NULL),
('séb64',NULL,NULL,now() - interval '5310 days','M'),
('son65','Lucat','Sonia',now() - interval '6565 days','F'),
('syl66','Carmin','Sylvain',now() - interval '6826 days','M'),
('gas67','Dupont','Gaspard',now() - interval '4993 days','M'),
('ily68','Obrien','Ilyes',now() - interval '6458 days','M'),
('dor69','Gibert','Dorothée',now() - interval '7203 days','F'),
('cha70','Désiré','Charles',now() - interval '7810 days','M'),
('clé71','Nasse','Clémentine',now() - interval '5732 days','F'),
('yas72',NULL,NULL,now() - interval '8089 days','M'),
('hél73',NULL,NULL,now() - interval '7267 days',NULL),
('aur74','Ryd','Aurore',now() - interval '9706 days','F'),
('joh75','Lawrence','John',now() - interval '7143 days','M'),
('vir76',NULL,NULL,now() - interval '7049 days','F'),
('nol77','Tabalin','Nolwenn',now() - interval '6996 days','F'),
('zac78','Fleury','Zacharie',now() - interval '7441 days','M'),
('axe79','Jourdan','Axel',now() - interval '8628 days','M'),
('lae80','Dulac','Laetitia',now() - interval '5691 days',NULL),
('emm81','Lemoine','Emmanuelle',now() - interval '5573 days','F'),
('zel82','Izzet','Zelda',now() - interval '6490 days',NULL),
('flo83',NULL,NULL,now() - interval '6216 days','M'),
('den84','Genty','Denis',now() - interval '7216 days','M'),
('luc85','Epeautre','Lucile',now() - interval '5995 days','F'),
('cha86',NULL,NULL,now() - interval '8189 days',NULL),
('maë87','Oucq','Maëva',now() - interval '7829 days',NULL),
('wen88',NULL,NULL,now() - interval '8985 days','F'),
('mou89','Zaref','Moussa',now() - interval '8355 days','M'),
('ala90',NULL,NULL,now() - interval '5338 days','M'),
('hél91','Joly','Hélène',now() - interval '7147 days','F'),
('wal92','Bouat','Walid',now() - interval '8474 days',NULL),
('joh93','Hiquet','John',now() - interval '8218 days','M'),
('mél94','Bison','Mélissa',now() - interval '7413 days','F'),
('tan95','Wagner','Tania',now() - interval '6938 days','F'),
('isi96','Ledoux','Isidore',now() - interval '8295 days',NULL),
('ais97','Chaumont','Aisha',now() - interval '5764 days','F'),
('rog98','Genty','Roger',now() - interval '5520 days','M'),
('cha99','Pascal','Charles',now() - interval '7543 days','M'),
('den100',NULL,NULL,now() - interval '10209 days','F'),
('rég101','Ledoux','Régis',now() - interval '5507 days','M'),
('dam102','Munoz','Damien',now() - interval '6260 days','M'),
('den103',NULL,NULL,now() - interval '6241 days','F'),
('mar104','Abiteboul','Mario',now() - interval '7211 days','M'),
('gra105','Nalis','Grace',now() - interval '8745 days','F'),
('mam106','Lecuyer','Mamadou',now() - interval '7879 days',NULL),
('lou107','Faram','Louise',now() - interval '7049 days','F'),
('mar108',NULL,NULL,now() - interval '7503 days',NULL),
('mou109','Imon','Moussa',now() - interval '6767 days','M'),
('emm110',NULL,NULL,now() - interval '7450 days',NULL),
('que111','Mayor','Quentin',now() - interval '7571 days','M'),
('sam112','Scherer','Samuel',now() - interval '8758 days','M'),
('lil113','Watt','Lilya',now() - interval '6831 days','F'),
('den114','Ledoux','Denis',now() - interval '9254 days','M'),
('and115','Hibis','André',now() - interval '7486 days',NULL),
('bla116','Lussy','Blanche',now() - interval '6406 days','F'),
('dia117','Martin','Diane',now() - interval '7522 days','F'),
('ren118','Petit','Renaud',now() - interval '6905 days','M'),
('rom119','Lucat','Romain',now() - interval '6274 days','M'),
('jea120','Lecuyer','Jean-Paul',now() - interval '6073 days','M'),
('fat121','Lecuyer','Fatima',now() - interval '8158 days',NULL),
('isa122','Watt','Isabelle',now() - interval '8284 days','F'),
('pat123',NULL,NULL,now() - interval '6567 days','M'),
('est124','Petit','Estelle',now() - interval '6838 days',NULL),
('sol125','Toneatto','Solène',now() - interval '8768 days','F'),
('oli126','Dupont','Olivia',now() - interval '6429 days',NULL),
('jos127','Lemoine','Joseph',now() - interval '8156 days','M'),
('ann128',NULL,NULL,now() - interval '7105 days','F'),
('yas129','Borgne','Yasmine',now() - interval '6205 days','F'),
('bri130','Hamel','Brittany',now() - interval '7332 days','F'),
('mar131','Dupuis','Marjorie',now() - interval '8427 days','F'),
('lou132','Ryd','Louis',now() - interval '7812 days','M'),
('ric133','Sand','Richard',now() - interval '9206 days','M'),
('hub134','Hibis','Hubert',now() - interval '6269 days','M'),
('pao135','Izart','Paolo',now() - interval '8990 days','M'),
('cri136','Jaffrezic','Cristina',now() - interval '7276 days','F'),
('sim137','Oucq','Simone',now() - interval '8868 days','F'),
('oph138','Borgne','Ophélie',now() - interval '6165 days',NULL),
('car139','Quérard','Carole',now() - interval '6554 days',NULL),
('mar140','Duval','Mario',now() - interval '8072 days','M'),
('bla141','Christian','Blaise',now() - interval '9697 days','M'),
('flo142',NULL,NULL,now() - interval '7200 days','F'),
('ren143','Gigliotti','René',now() - interval '6580 days','M'),
('geh144','Sullyvan','Gehanne',now() - interval '8186 days','F'),
('mel145','Izart','Melissa',now() - interval '7464 days','F'),
('ily146','Landau','Ilyes',now() - interval '5653 days',NULL),
('tif147','Bouris','Tiffany',now() - interval '6099 days',NULL),
('elo148','Albin','Elodie',now() - interval '7922 days','F'),
('flo149','Facquin','Flora',now() - interval '6071 days','F'),
('jul150','Orchid','Julie',now() - interval '5387 days',NULL),
('cyr151','Rivière','Cyril',now() - interval '7024 days',NULL),
('san152','Lee','Sandy',now() - interval '7229 days','F'),
('maë153','King','Maëva',now() - interval '7980 days',NULL),
('ben154','Perry','Ben',now() - interval '6602 days','M'),
('rod155','Ali','Rodolphe',now() - interval '7936 days',NULL),
('pie156','Vital','Pierre',now() - interval '7605 days','M'),
('luc157','Fleury','Lucien',now() - interval '6315 days','M'),
('pén158','Hietala','Pénélope',now() - interval '7502 days','F'),
('cla159',NULL,NULL,now() - interval '7424 days','F'),
('jen160','Amine','Jennifer',now() - interval '8428 days','F'),
('emm161','Joly','Emma',now() - interval '8376 days','F'),
('bla162','Vital','Blaise',now() - interval '5222 days','M'),
('pau163','Scherer','Pauline',now() - interval '8041 days','F'),
('cas164','Christian','Cassandre',now() - interval '7487 days','F'),
('zel165','Clarke','Zelda',now() - interval '5570 days',NULL),
('sol166','Petit','Solène',now() - interval '6092 days','F'),
('dim167','Lemoine','Dimitri',now() - interval '6089 days',NULL),
('ton168','Hadrien','Tony',now() - interval '7601 days','M'),
('nor169',NULL,NULL,now() - interval '7345 days','M'),
('zor170','Angus','Zora',now() - interval '6794 days','F'),
('suz171','Ledoux','Suzanne',now() - interval '6166 days','F'),
('lud172','Monnet','Ludovic',now() - interval '6827 days',NULL),
('mam173','Renoir','Mamadou',now() - interval '7959 days','M'),
('jac174','Wessels','Jacques',now() - interval '6603 days','M'),
('gab175',NULL,NULL,now() - interval '7331 days','M'),
('océ176','Chicot','Océane',now() - interval '5451 days','F'),
('meh177','Fernandes','Mehdi',now() - interval '8782 days','M'),
('bén178','Knight','Bénédicte',now() - interval '7448 days','F'),
('fra179','Quérard','Françoise',now() - interval '8791 days',NULL),
('chr180','Kabil','Christelle',now() - interval '7194 days',NULL),
('dom181','Rivière','Dominique',now() - interval '7440 days','M'),
('mar182','Clarke','Marine',now() - interval '6598 days',NULL),
('rha183','Ivanov','Rhada',now() - interval '7217 days','F'),
('dom184','Juste','Dominique',now() - interval '6072 days','F'),
('eli185',NULL,NULL,now() - interval '6734 days','F'),
('vin186',NULL,NULL,now() - interval '7308 days',NULL),
('bru187',NULL,NULL,now() - interval '5767 days','M'),
('fra188',NULL,NULL,now() - interval '7410 days','F'),
('eth189',NULL,NULL,now() - interval '9198 days','M'),
('jos190','Vigneau','Joseph',now() - interval '7568 days','M'),
('emm191','Angus','Emma',now() - interval '8276 days','F'),
('mar192','Dimir','Marylin',now() - interval '8021 days','F'),
('nat193',NULL,NULL,now() - interval '7138 days','M'),
('céc194',NULL,NULL,now() - interval '8560 days',NULL),
('die195','Vigneau','Diego',now() - interval '7820 days',NULL),
('eve196','Lee','Eve',now() - interval '9360 days',NULL),
('die197','Graham','Diego',now() - interval '6947 days','M'),
('cha198','Faram','Charlène',now() - interval '8162 days','F'),
('urs199',NULL,NULL,now() - interval '8129 days',NULL);

---Filling table parties :

INSERT INTO partie VALUES
(0,18,'iph39','terminée'),
(1,5,'fra20','terminée'),
(2,28,'gra105','terminée'),
(3,16,'mau27','terminée'),
(4,28,'mau27','terminée'),
(5,9,'vin186','terminée'),
(6,30,'emm161','terminée'),
(7,28,'joh75','terminée'),
(8,9,'pao135','terminée'),
(9,21,'bér51','terminée'),
(10,21,'car139','terminée'),
(11,26,'mél94','terminée'),
(12,21,'cha198','en cours'),
(13,16,'eve196','terminée'),
(14,28,'nol77','en cours'),
(15,11,'séb64','terminée'),
(16,8,'jos190','terminée'),
(17,27,'lil14','terminée'),
(18,16,'pét15','terminée'),
(19,4,'mat31','terminée'),
(20,12,'rég101','terminée'),
(21,19,'mar32','terminée'),
(22,6,'océ55','terminée'),
(23,2,'den103','terminée'),
(24,11,'ren118','terminée'),
(25,27,'sol125','terminée'),
(26,25,'dim167','terminée'),
(27,20,'jam19','terminée'),
(28,12,'maë87','terminée'),
(29,1,'lil14','terminée'),
(30,29,'zel82','terminée'),
(31,18,'cyn61','terminée'),
(32,21,'isa122','en cours'),
(33,18,'rég101','terminée'),
(34,19,'irè5','terminée'),
(35,24,'rég101','terminée'),
(36,11,'flo83','terminée'),
(37,2,'car139','en cours'),
(38,5,'hél30','terminée'),
(39,1,'arn22','terminée'),
(40,30,'océ55','terminée'),
(41,2,'jea34','terminée'),
(42,5,'dia117','terminée'),
(43,2,'emi37','terminée'),
(44,1,'geh144','terminée'),
(45,3,'pat123','terminée'),
(46,25,'arn22','terminée'),
(47,19,'isi96','en cours'),
(48,12,'lou35','terminée'),
(49,2,'mar140','terminée'),
(50,28,'ben11','terminée'),
(51,9,'den100','terminée'),
(52,16,'mar104','terminée'),
(53,25,'mar182','terminée'),
(54,28,'car139','terminée'),
(55,20,'arn22','en attente'),
(56,5,'jea34','terminée'),
(57,16,'fle13','terminée'),
(58,12,'ond28','terminée'),
(59,26,'eve196','terminée'),
(60,8,'mar182','terminée'),
(61,12,'chr62','terminée'),
(62,24,'cha99','terminée'),
(63,8,'cla159','terminée'),
(64,28,'bri130','terminée'),
(65,21,'bér51','terminée'),
(66,4,'dor69','terminée'),
(67,6,'céc194','terminée'),
(68,30,'vir76','terminée'),
(69,5,'ric133','terminée'),
(70,2,'nol77','en cours'),
(71,25,'maë153','terminée'),
(72,11,'dom181','terminée'),
(73,6,'syl66','terminée'),
(74,4,'syl66','en cours'),
(75,6,'pie156','terminée'),
(76,4,'ily68','terminée'),
(77,26,'joa21','terminée'),
(78,21,'cha86','terminée'),
(79,27,'wal26','terminée'),
(80,25,'eth189','terminée'),
(81,6,'wen88','terminée'),
(82,27,'joh75','terminée'),
(83,11,'emi58','terminée'),
(84,10,'cri136','terminée'),
(85,5,'nor169','terminée'),
(86,21,'lou132','terminée'),
(87,3,'val23','terminée'),
(88,30,'dam102','terminée'),
(89,7,'den114','terminée'),
(90,26,'san152','terminée'),
(91,12,'gaë41','terminée'),
(92,29,'mar192','terminée'),
(93,24,'est124','en attente'),
(94,25,'joh75','terminée'),
(95,7,'isa122','terminée'),
(96,11,'geh144','terminée'),
(97,29,'fra179','terminée'),
(98,5,'joh75','terminée'),
(99,28,'jos190','terminée'),
(100,11,'ond28','terminée'),
(101,20,'emm110','terminée'),
(102,4,'lou132','terminée'),
(103,3,'lil113','terminée'),
(104,21,'cas164','terminée'),
(105,19,'fra20','terminée'),
(106,7,'eli185','terminée'),
(107,27,'pru36','terminée'),
(108,5,'eli185','terminée'),
(109,11,'dom181','terminée'),
(110,16,'luc85','terminée'),
(111,9,'dom181','terminée'),
(112,12,'yas72','terminée'),
(113,3,'dom12','en cours'),
(114,6,'sam112','terminée'),
(115,28,'mel52','terminée'),
(116,7,'que7','terminée'),
(117,27,'pru36','terminée'),
(118,28,'elo148','terminée'),
(119,27,'zel165','terminée'),
(120,1,'mar182','terminée'),
(121,18,'hél30','terminée'),
(122,21,'ben11','terminée'),
(123,3,'mél94','terminée'),
(124,20,'mic40','terminée'),
(125,25,'cyr151','terminée'),
(126,6,'irè5','terminée'),
(127,1,'and115','terminée'),
(128,19,'ann128','terminée'),
(129,30,'ala47','terminée'),
(130,9,'lou107','terminée'),
(131,4,'gaë41','en attente'),
(132,25,'cha99','terminée'),
(133,5,'art43','terminée'),
(134,26,'flo149','terminée'),
(135,30,'zel165','terminée'),
(136,28,'and115','terminée'),
(137,2,'jea120','terminée'),
(138,30,'rég101','terminée'),
(139,12,'ele38','terminée'),
(140,6,'cas164','terminée'),
(141,18,'jul150','terminée'),
(142,12,'dor69','terminée'),
(143,7,'céc194','terminée'),
(144,16,'ais97','terminée'),
(145,6,'léo50','terminée'),
(146,18,'isi96','terminée'),
(147,26,'suz171','terminée'),
(148,1,'sol125','terminée'),
(149,2,'tom10','terminée'),
(150,8,'bla141','terminée'),
(151,4,'jea120','terminée'),
(152,21,'maë87','en cours'),
(153,2,'clé71','terminée'),
(154,2,'lou107','terminée'),
(155,26,'ben59','terminée'),
(156,9,'wen56','terminée'),
(157,21,'gaë41','terminée'),
(158,3,'fra179','terminée'),
(159,28,'mel145','terminée'),
(160,3,'gaë41','terminée'),
(161,7,'cha198','terminée'),
(162,3,'cla159','en cours'),
(163,4,'zac78','terminée'),
(164,26,'séb64','terminée'),
(165,29,'lil14','en cours'),
(166,27,'den33','terminée'),
(167,1,'eli185','terminée'),
(168,26,'flo149','terminée'),
(169,20,'maë87','terminée'),
(170,12,'jen160','terminée'),
(171,3,'dav53','terminée'),
(172,5,'rég101','terminée'),
(173,27,'ilh24','terminée'),
(174,29,'ren118','terminée'),
(175,8,'ond28','terminée'),
(176,4,'fat121','terminée'),
(177,18,'ele38','terminée'),
(178,1,'mar32','en cours'),
(179,3,'gas67','terminée'),
(180,27,'dam102','terminée'),
(181,24,'ais97','terminée'),
(182,28,'tif147','terminée'),
(183,29,'vic29','terminée'),
(184,28,'cyr151','terminée'),
(185,24,'joa21','terminée'),
(186,21,'flo83','terminée'),
(187,9,'zel165','terminée'),
(188,10,'emm110','terminée'),
(189,5,'cha57','terminée'),
(190,2,'sam112','terminée'),
(191,2,'isi96','terminée'),
(192,24,'ily68','en attente'),
(193,12,'dia48','en attente'),
(194,8,'pas60','terminée'),
(195,6,'cha70','terminée'),
(196,18,'tif147','terminée'),
(197,27,'zor170','terminée'),
(198,11,'elo148','terminée'),
(199,24,'wen56','terminée'),
(200,18,'hub134','terminée'),
(201,11,'chr62','en attente'),
(202,28,'bla141','terminée'),
(203,27,'joa21','terminée'),
(204,16,'oli126','en cours'),
(205,7,'jos127','terminée'),
(206,29,'cla159','terminée'),
(207,26,'fra20','terminée'),
(208,21,'mat31','terminée'),
(209,27,'syl66','terminée'),
(210,25,'sol125','terminée'),
(211,24,'geh144','terminée'),
(212,16,'ben11','terminée'),
(213,18,'clé71','en attente'),
(214,27,'den33','terminée'),
(215,20,'syl66','terminée'),
(216,25,'cha86','terminée'),
(217,18,'bén178','terminée'),
(218,27,'die195','terminée'),
(219,6,'ily146','terminée'),
(220,25,'cla159','terminée'),
(221,6,'wen56','terminée'),
(222,3,'ben11','en attente'),
(223,1,'vir76','terminée'),
(224,21,'mel145','terminée'),
(225,7,'cri136','terminée'),
(226,3,'lou132','terminée'),
(227,24,'cas164','terminée'),
(228,24,'and54','terminée'),
(229,8,'zor170','en cours'),
(230,30,'isa122','terminée'),
(231,11,'ala90','terminée'),
(232,19,'cam18','terminée'),
(233,2,'luc85','terminée'),
(234,28,'pat123','terminée'),
(235,21,'eli185','terminée'),
(236,1,'bén178','terminée'),
(237,10,'mic40','terminée'),
(238,29,'dia48','terminée'),
(239,10,'mat31','terminée'),
(240,6,'hél30','en attente'),
(241,10,'mel145','en cours'),
(242,3,'emm161','terminée'),
(243,5,'bér51','terminée'),
(244,18,'jam19','en cours'),
(245,5,'hub134','terminée'),
(246,16,'ric133','terminée'),
(247,3,'flo83','terminée'),
(248,29,'fra179','terminée'),
(249,10,'ily146','terminée'),
(250,4,'jen160','terminée'),
(251,6,'hél30','terminée'),
(252,20,'cha99','terminée'),
(253,3,'vic29','terminée'),
(254,18,'lou132','terminée'),
(255,10,'ais97','terminée'),
(256,29,'rod155','terminée'),
(257,8,'joa21','terminée'),
(258,19,'tan95','terminée'),
(259,11,'ren118','terminée'),
(260,5,'and115','terminée'),
(261,16,'luc157','terminée'),
(262,29,'zac78','en attente'),
(263,25,'wal92','terminée'),
(264,10,'dia48','en attente'),
(265,6,'mar140','terminée'),
(266,3,'jac174','en cours'),
(267,6,'océ55','en attente'),
(268,1,'car139','terminée'),
(269,28,'san2','terminée'),
(270,12,'cas164','terminée'),
(271,7,'lil14','terminée'),
(272,21,'ben154','terminée'),
(273,9,'pao135','terminée'),
(274,25,'isa122','terminée'),
(275,25,'clé71','terminée'),
(276,27,'rom119','terminée'),
(277,27,'jos190','terminée'),
(278,20,'joh93','terminée'),
(279,29,'jea34','terminée'),
(280,11,'den114','terminée'),
(281,7,'flo83','terminée'),
(282,6,'eli185','terminée'),
(283,27,'ale1','terminée'),
(284,7,'car139','terminée'),
(285,9,'luc9','terminée'),
(286,9,'die197','terminée'),
(287,25,'bén178','terminée'),
(288,1,'fra8','terminée'),
(289,5,'mou89','terminée'),
(290,5,'ale1','terminée'),
(291,16,'joh93','en cours'),
(292,28,'mar32','terminée'),
(293,30,'tom10','terminée'),
(294,19,'cri136','terminée'),
(295,19,'rog98','terminée'),
(296,16,'ala90','terminée'),
(297,20,'mar182','terminée'),
(298,16,'san2','terminée'),
(299,6,'cyr151','terminée'),
(300,6,'wen88','terminée'),
(301,12,'cha99','terminée'),
(302,16,'jos190','terminée'),
(303,21,'son65','terminée'),
(304,27,'nat193','terminée'),
(305,19,'den114','terminée'),
(306,19,'yas129','terminée'),
(307,8,'pru6','en attente'),
(308,21,'cyr151','terminée'),
(309,28,'mat31','terminée'),
(310,24,'cam18','terminée'),
(311,6,'lou35','terminée'),
(312,10,'dor69','terminée'),
(313,9,'arn22','terminée'),
(314,1,'dom184','terminée'),
(315,11,'bla116','terminée'),
(316,20,'san152','terminée'),
(317,19,'fra179','terminée'),
(318,25,'fle13','terminée'),
(319,10,'hél91','terminée'),
(320,2,'lae80','terminée'),
(321,25,'wal92','terminée'),
(322,9,'cha99','terminée'),
(323,20,'lil14','en cours'),
(324,21,'séb64','terminée'),
(325,4,'joh93','terminée'),
(326,1,'and115','terminée'),
(327,20,'léo42','terminée'),
(328,18,'wal26','terminée'),
(329,1,'luc157','terminée'),
(330,4,'suz171','terminée'),
(331,29,'wen56','en attente'),
(332,1,'flo142','terminée'),
(333,29,'yas129','terminée'),
(334,18,'mam106','terminée'),
(335,10,'mel145','terminée'),
(336,12,'fra179','terminée'),
(337,18,'emm110','terminée'),
(338,28,'rég101','terminée'),
(339,21,'ond28','en cours'),
(340,20,'rég101','terminée'),
(341,3,'séb64','terminée'),
(342,1,'nor169','en cours'),
(343,5,'rom119','terminée'),
(344,4,'dia117','terminée'),
(345,30,'meh177','terminée'),
(346,19,'ann49','terminée'),
(347,12,'cas164','terminée'),
(348,3,'chr62','en cours'),
(349,18,'emm110','terminée'),
(350,30,'lil14','terminée'),
(351,12,'hél30','terminée'),
(352,9,'vic29','terminée'),
(353,18,'zel165','terminée'),
(354,25,'oli126','terminée'),
(355,6,'meh177','terminée'),
(356,1,'lud172','terminée'),
(357,4,'nor169','terminée'),
(358,4,'joh93','terminée'),
(359,12,'zel82','terminée'),
(360,28,'den114','terminée'),
(361,8,'dom181','terminée'),
(362,28,'dim167','terminée'),
(363,1,'ton168','terminée'),
(364,5,'emi58','en attente'),
(365,1,'jos127','terminée'),
(366,10,'mél94','terminée'),
(367,5,'mél94','terminée'),
(368,9,'fra179','en cours'),
(369,24,'yve44','terminée'),
(370,12,'san152','en attente'),
(371,8,'que111','terminée'),
(372,30,'fra188','terminée'),
(373,6,'lou107','terminée'),
(374,21,'luc157','terminée'),
(375,12,'tif147','terminée'),
(376,18,'geh144','terminée'),
(377,16,'flo149','terminée'),
(378,20,'pét15','en cours'),
(379,11,'pas60','terminée'),
(380,27,'dim167','en attente'),
(381,29,'ben154','terminée'),
(382,25,'emm161','terminée'),
(383,20,'océ176','terminée'),
(384,9,'nat193','terminée'),
(385,20,'ton168','terminée'),
(386,4,'rég101','terminée'),
(387,21,'cyn61','en cours'),
(388,8,'mar32','en cours'),
(389,3,'lil14','terminée'),
(390,25,'yas129','en cours'),
(391,26,'ily68','terminée'),
(392,27,'hél30','terminée'),
(393,2,'sol125','terminée'),
(394,18,'syl66','terminée'),
(395,3,'jad3','terminée'),
(396,20,'dor69','terminée'),
(397,20,'mou109','terminée'),
(398,29,'dim167','terminée'),
(399,5,'ric133','terminée'),
(400,8,'mat31','en attente'),
(401,16,'dam102','terminée'),
(402,1,'léo42','terminée'),
(403,30,'rha183','terminée'),
(404,11,'wen56','terminée'),
(405,4,'den114','terminée'),
(406,6,'mam106','terminée'),
(407,12,'dom181','terminée'),
(408,3,'est124','terminée'),
(409,10,'vin186','terminée'),
(410,12,'ala47','terminée'),
(411,2,'hél73','terminée'),
(412,24,'lil113','terminée'),
(413,3,'you16','terminée'),
(414,3,'vir76','terminée'),
(415,30,'jad3','terminée'),
(416,19,'jac174','terminée'),
(417,28,'hél73','terminée'),
(418,12,'die195','en cours'),
(419,11,'fra188','terminée'),
(420,19,'yve44','terminée'),
(421,12,'and54','terminée'),
(422,18,'lou35','terminée'),
(423,8,'oph138','en cours'),
(424,29,'ann128','terminée'),
(425,26,'axe79','terminée'),
(426,5,'pas60','terminée'),
(427,10,'emm191','terminée'),
(428,30,'rom119','terminée'),
(429,27,'yas72','terminée'),
(430,28,'elo25','en cours'),
(431,24,'mar192','terminée'),
(432,9,'cha70','terminée'),
(433,21,'oli126','en cours'),
(434,30,'fle13','terminée'),
(435,24,'mar131','terminée'),
(436,4,'ben59','terminée'),
(437,30,'hub134','terminée'),
(438,11,'luc157','terminée'),
(439,8,'isa122','terminée'),
(440,7,'wal92','terminée'),
(441,29,'pru6','terminée'),
(442,21,'hél73','terminée'),
(443,26,'pie156','terminée'),
(444,29,'ren118','terminée'),
(445,20,'ben59','terminée'),
(446,24,'lae80','terminée'),
(447,26,'and115','terminée'),
(448,8,'dim167','terminée'),
(449,7,'lou107','terminée'),
(450,27,'cyn61','terminée'),
(451,1,'pau163','terminée'),
(452,5,'fra179','terminée'),
(453,21,'emm191','en attente'),
(454,12,'yas72','terminée'),
(455,18,'die197','en cours'),
(456,3,'wen88','terminée'),
(457,16,'ale1','terminée'),
(458,30,'est124','terminée'),
(459,27,'cha57','terminée'),
(460,30,'mat31','terminée'),
(461,3,'tif147','terminée'),
(462,27,'mar32','terminée'),
(463,9,'léo42','terminée'),
(464,27,'vir76','terminée'),
(465,4,'wal26','en attente'),
(466,28,'and115','terminée'),
(467,11,'léo42','terminée'),
(468,1,'ann128','terminée'),
(469,27,'cas164','terminée'),
(470,6,'hél73','en attente'),
(471,18,'rom119','en attente'),
(472,9,'urs199','terminée'),
(473,12,'dia117','terminée'),
(474,18,'zac78','terminée'),
(475,11,'tom10','terminée'),
(476,2,'geh144','terminée'),
(477,7,'ale1','terminée'),
(478,2,'léo42','terminée'),
(479,26,'séb64','terminée'),
(480,25,'rog98','terminée'),
(481,28,'nol77','terminée'),
(482,21,'lou107','terminée'),
(483,24,'san152','terminée'),
(484,7,'pru36','en cours'),
(485,30,'emm81','en cours'),
(486,3,'mat31','terminée'),
(487,4,'joh75','terminée'),
(488,8,'lae80','terminée'),
(489,9,'mat31','terminée'),
(490,20,'aur74','terminée'),
(491,10,'den84','terminée'),
(492,4,'lil113','terminée'),
(493,25,'jea34','en attente'),
(494,25,'tif147','terminée'),
(495,10,'wal26','en attente'),
(496,19,'eli45','terminée'),
(497,28,'mél94','terminée'),
(498,10,'ann49','terminée'),
(499,6,'maë153','terminée'),
(500,28,'luc85','terminée'),
(501,16,'and54','en attente'),
(502,26,'tom10','terminée'),
(503,10,'vic29','terminée'),
(504,21,'mar140','en attente'),
(505,11,'eve196','terminée'),
(506,29,'fra8','terminée'),
(507,10,'bla116','terminée'),
(508,9,'mar140','en attente'),
(509,30,'bri130','en attente'),
(510,26,'dia117','terminée'),
(511,20,'emi58','terminée'),
(512,19,'pau163','terminée'),
(513,11,'dom181','terminée'),
(514,26,'mam173','terminée'),
(515,16,'emm81','terminée'),
(516,5,'cha57','terminée'),
(517,9,'zor170','terminée'),
(518,8,'mou89','en attente'),
(519,29,'aur74','terminée'),
(520,4,'mar192','terminée'),
(521,5,'hél91','terminée'),
(522,16,'lae80','terminée'),
(523,11,'wen88','terminée'),
(524,6,'bla162','terminée'),
(525,28,'dia117','terminée'),
(526,9,'dim167','terminée'),
(527,10,'lil113','en attente'),
(528,8,'dom181','terminée'),
(529,26,'emm191','terminée'),
(530,19,'gra105','terminée'),
(531,20,'joa21','terminée'),
(532,28,'den114','terminée'),
(533,24,'cyr151','terminée'),
(534,3,'eli45','terminée'),
(535,8,'den114','en cours'),
(536,11,'hub134','terminée'),
(537,21,'yas129','terminée'),
(538,29,'meh177','terminée'),
(539,9,'cyn61','terminée'),
(540,2,'joh93','terminée'),
(541,7,'geh144','terminée'),
(542,11,'yas72','terminée'),
(543,19,'jac174','terminée'),
(544,19,'elo148','terminée'),
(545,20,'cha57','terminée'),
(546,18,'mar192','terminée'),
(547,5,'jea34','terminée'),
(548,28,'ren143','terminée'),
(549,20,'pét15','terminée'),
(550,19,'bla116','terminée'),
(551,12,'emm161','en attente'),
(552,30,'pén158','terminée'),
(553,9,'fra8','terminée'),
(554,2,'arn22','terminée'),
(555,18,'gra105','terminée'),
(556,21,'lil14','terminée'),
(557,29,'mar131','terminée'),
(558,5,'nat63','terminée'),
(559,12,'elo148','en cours'),
(560,1,'flo142','en cours'),
(561,6,'syl66','terminée'),
(562,24,'den103','en cours'),
(563,26,'emm161','terminée'),
(564,2,'suz171','terminée'),
(565,7,'ren118','en cours'),
(566,28,'que7','en cours'),
(567,6,'sol125','terminée'),
(568,4,'emm191','terminée'),
(569,6,'art43','terminée'),
(570,9,'dim167','terminée'),
(571,7,'luc85','terminée'),
(572,25,'yas72','terminée'),
(573,29,'zel82','terminée'),
(574,18,'zel82','terminée'),
(575,1,'léo42','terminée'),
(576,5,'mar140','terminée'),
(577,7,'ala90','terminée'),
(578,16,'mat31','terminée'),
(579,27,'cas164','terminée'),
(580,21,'flo142','terminée'),
(581,5,'cha86','terminée'),
(582,12,'flo142','terminée'),
(583,30,'mar192','terminée'),
(584,5,'jul150','terminée'),
(585,27,'cor0','terminée'),
(586,3,'yas72','terminée'),
(587,12,'lud172','terminée'),
(588,18,'die195','terminée'),
(589,12,'bru187','terminée'),
(590,12,'dia48','terminée'),
(591,10,'ond28','terminée'),
(592,25,'dim167','terminée'),
(593,26,'mel145','terminée'),
(594,26,'eth189','terminée'),
(595,19,'cha99','terminée'),
(596,24,'dom181','en cours'),
(597,8,'ren143','terminée'),
(598,1,'dom12','terminée'),
(599,27,'ben154','terminée'),
(600,29,'emm81','terminée'),
(601,4,'ann49','en cours'),
(602,12,'ann128','terminée'),
(603,16,'fra20','terminée'),
(604,24,'flo83','terminée'),
(605,28,'cha86','terminée'),
(606,18,'car139','terminée'),
(607,10,'hél30','en cours'),
(608,11,'emm161','terminée'),
(609,9,'rod155','terminée'),
(610,20,'wal92','terminée'),
(611,3,'dia117','terminée'),
(612,9,'and115','en attente'),
(613,10,'chr180','terminée'),
(614,21,'lae80','terminée'),
(615,29,'gaë41','terminée'),
(616,27,'jul150','en attente'),
(617,30,'ond28','terminée'),
(618,29,'gra105','terminée'),
(619,10,'den100','terminée'),
(620,19,'tif147','terminée'),
(621,18,'dom12','terminée'),
(622,20,'flo142','terminée'),
(623,2,'joh75','terminée'),
(624,9,'ele38','terminée'),
(625,8,'syl66','terminée'),
(626,27,'cla159','terminée'),
(627,7,'tan95','terminée'),
(628,5,'ele38','terminée'),
(629,4,'léo42','terminée'),
(630,5,'tif147','terminée'),
(631,2,'den100','terminée'),
(632,12,'gra105','terminée'),
(633,20,'den100','terminée'),
(634,28,'flo83','terminée'),
(635,28,'maë87','terminée'),
(636,7,'vin186','terminée'),
(637,3,'cha99','terminée'),
(638,5,'fat121','en cours'),
(639,4,'gas67','terminée'),
(640,4,'chr4','terminée'),
(641,12,'fra188','terminée'),
(642,16,'léo50','terminée'),
(643,26,'mat31','terminée'),
(644,8,'ilh24','terminée'),
(645,29,'elo148','terminée'),
(646,25,'flo149','terminée'),
(647,3,'emm81','terminée'),
(648,27,'son65','terminée'),
(649,19,'pru36','terminée'),
(650,30,'flo149','terminée'),
(651,3,'cha86','terminée'),
(652,27,'ond28','en cours'),
(653,4,'jos127','terminée'),
(654,27,'joa21','terminée'),
(655,21,'fau46','terminée'),
(656,1,'ily146','terminée'),
(657,16,'emi37','terminée'),
(658,26,'ann128','terminée'),
(659,28,'tif147','terminée'),
(660,1,'chr4','terminée'),
(661,8,'mat31','en cours'),
(662,10,'bla162','en cours'),
(663,2,'bla162','terminée'),
(664,18,'wen56','terminée'),
(665,12,'mar104','en cours'),
(666,25,'cha57','terminée'),
(667,20,'oph138','terminée'),
(668,20,'emi37','terminée'),
(669,5,'pas60','terminée'),
(670,21,'ben154','terminée'),
(671,6,'ren143','terminée'),
(672,16,'luc157','terminée'),
(673,29,'gra105','terminée'),
(674,20,'pao135','terminée'),
(675,29,'and54','terminée'),
(676,6,'flo149','terminée'),
(677,24,'fra20','terminée'),
(678,25,'lil14','terminée'),
(679,26,'nor169','terminée'),
(680,9,'dom12','terminée'),
(681,30,'séb64','terminée'),
(682,21,'eth189','terminée'),
(683,5,'lil113','terminée'),
(684,30,'fau46','terminée'),
(685,27,'bén178','terminée'),
(686,10,'océ55','terminée'),
(687,21,'vir76','terminée'),
(688,5,'fra188','terminée'),
(689,24,'dam102','terminée'),
(690,16,'san152','terminée'),
(691,3,'lae80','en cours'),
(692,5,'arn22','en cours'),
(693,26,'dav53','terminée'),
(694,28,'pru36','terminée'),
(695,5,'ily68','terminée'),
(696,5,'die197','terminée'),
(697,21,'océ176','terminée'),
(698,21,'joh75','terminée'),
(699,27,'mel145','terminée'),
(700,26,'nol77','terminée'),
(701,29,'pét15','terminée'),
(702,29,'iph39','terminée'),
(703,6,'rog98','terminée'),
(704,28,'wal92','terminée'),
(705,18,'joh93','terminée'),
(706,7,'die197','en cours'),
(707,20,'rod155','terminée'),
(708,4,'jos190','terminée'),
(709,24,'eve17','terminée'),
(710,10,'sol125','en attente'),
(711,20,'gab175','terminée'),
(712,6,'emm191','terminée'),
(713,3,'pat123','terminée'),
(714,18,'ren143','terminée'),
(715,11,'den33','terminée'),
(716,2,'zel165','terminée'),
(717,27,'luc157','terminée'),
(718,11,'yas129','terminée'),
(719,1,'pat123','terminée'),
(720,20,'mel145','terminée'),
(721,21,'mou109','en cours'),
(722,18,'san152','terminée'),
(723,2,'ily146','terminée'),
(724,30,'elo148','terminée'),
(725,12,'gaë41','terminée'),
(726,9,'fau46','terminée'),
(727,20,'mar104','terminée'),
(728,7,'geh144','terminée'),
(729,10,'bér51','terminée'),
(730,20,'yas72','terminée'),
(731,16,'gaë41','terminée'),
(732,21,'pru36','terminée'),
(733,1,'urs199','terminée'),
(734,2,'chr62','terminée'),
(735,26,'mic40','terminée'),
(736,11,'luc85','terminée'),
(737,8,'clé71','terminée'),
(738,5,'wen88','terminée'),
(739,27,'gra105','terminée'),
(740,19,'pie156','terminée'),
(741,3,'bri130','terminée'),
(742,27,'hél91','en attente'),
(743,18,'oli126','terminée'),
(744,6,'mar140','terminée'),
(745,19,'lou132','terminée'),
(746,20,'cyn61','terminée'),
(747,2,'lil14','terminée'),
(748,21,'que7','terminée'),
(749,6,'dav53','en attente'),
(750,29,'urs199','terminée'),
(751,8,'emm191','en cours'),
(752,4,'and54','terminée'),
(753,12,'jad3','terminée'),
(754,20,'lou132','terminée'),
(755,19,'oli126','terminée'),
(756,27,'mau27','terminée'),
(757,1,'pau163','terminée'),
(758,2,'fra8','terminée'),
(759,18,'gas67','terminée'),
(760,8,'eve196','en attente'),
(761,24,'fra8','terminée'),
(762,9,'cla159','en cours'),
(763,27,'hél30','terminée'),
(764,20,'rég101','terminée'),
(765,2,'cha70','terminée'),
(766,1,'yas72','terminée'),
(767,6,'sam112','terminée'),
(768,19,'rom119','terminée'),
(769,29,'oli126','terminée'),
(770,1,'geh144','en cours'),
(771,25,'nol77','terminée'),
(772,21,'cha198','terminée'),
(773,11,'eli45','en attente'),
(774,6,'fle13','terminée'),
(775,1,'nat63','terminée'),
(776,11,'iph39','terminée'),
(777,3,'dia48','terminée'),
(778,12,'axe79','terminée'),
(779,29,'hél73','en attente'),
(780,3,'ren118','terminée'),
(781,10,'lou107','terminée'),
(782,21,'sim137','terminée'),
(783,11,'pau163','terminée'),
(784,4,'mar108','terminée'),
(785,5,'mat31','terminée'),
(786,24,'pén158','terminée'),
(787,10,'ben59','terminée'),
(788,3,'wal26','terminée'),
(789,5,'cha99','terminée'),
(790,29,'mel52','terminée'),
(791,12,'mar140','terminée'),
(792,30,'gas67','terminée'),
(793,7,'sol125','terminée'),
(794,21,'tan95','terminée'),
(795,5,'luc9','terminée'),
(796,12,'pat123','terminée'),
(797,3,'ale1','terminée'),
(798,2,'arn22','en cours'),
(799,24,'hél30','terminée'),
(800,7,'jul150','terminée'),
(801,18,'ais97','terminée'),
(802,1,'ann49','terminée'),
(803,21,'cyr151','terminée'),
(804,10,'oph138','terminée'),
(805,26,'ily146','terminée'),
(806,16,'lou107','terminée'),
(807,29,'yve44','en attente'),
(808,6,'emm161','terminée'),
(809,12,'bla141','terminée'),
(810,6,'mel145','terminée'),
(811,16,'suz171','terminée'),
(812,16,'mar104','terminée'),
(813,12,'fle13','terminée'),
(814,27,'gab175','terminée'),
(815,24,'que111','terminée'),
(816,11,'wen56','terminée'),
(817,21,'zac78','terminée'),
(818,29,'luc85','terminée'),
(819,9,'fat121','terminée'),
(820,11,'mar131','terminée'),
(821,24,'gab175','terminée'),
(822,11,'pru6','terminée'),
(823,29,'oli126','terminée'),
(824,16,'fau46','terminée'),
(825,27,'isi96','terminée'),
(826,7,'hub134','terminée'),
(827,9,'den84','terminée'),
(828,21,'oph138','terminée'),
(829,21,'mar131','terminée'),
(830,5,'flo149','terminée'),
(831,30,'ann128','terminée'),
(832,29,'emm110','en cours'),
(833,26,'rod155','terminée'),
(834,7,'emm191','terminée'),
(835,30,'ilh24','terminée'),
(836,12,'ann49','terminée'),
(837,1,'ben154','terminée'),
(838,5,'ale1','terminée'),
(839,19,'cla159','terminée'),
(840,19,'den103','terminée'),
(841,28,'die197','terminée'),
(842,5,'nol77','terminée'),
(843,9,'hub134','en attente'),
(844,1,'oph138','terminée'),
(845,19,'jad3','terminée'),
(846,20,'gaë41','terminée'),
(847,3,'bla116','terminée'),
(848,5,'nol77','terminée'),
(849,12,'ily146','terminée'),
(850,5,'die197','terminée'),
(851,7,'geh144','terminée'),
(852,11,'sam112','en cours'),
(853,11,'ilh24','terminée'),
(854,28,'eli185','terminée'),
(855,28,'jen160','terminée'),
(856,1,'ilh24','terminée'),
(857,2,'syl66','terminée'),
(858,24,'ale1','terminée'),
(859,9,'fat121','terminée'),
(860,27,'you16','terminée'),
(861,8,'lou35','en cours'),
(862,12,'cha99','en cours'),
(863,21,'ben11','terminée'),
(864,9,'dia48','terminée'),
(865,4,'ben154','terminée'),
(866,10,'meh177','terminée'),
(867,8,'bla141','en attente'),
(868,1,'emm81','terminée'),
(869,26,'ond28','terminée'),
(870,10,'arn22','terminée'),
(871,20,'dor69','terminée'),
(872,16,'océ176','terminée'),
(873,2,'maë87','terminée'),
(874,20,'luc157','terminée'),
(875,19,'lil113','terminée'),
(876,21,'jea34','en attente'),
(877,12,'mar104','terminée'),
(878,16,'cha70','en cours'),
(879,24,'tan95','terminée'),
(880,29,'emi37','terminée'),
(881,29,'lou107','terminée'),
(882,20,'ton168','terminée'),
(883,28,'ale1','en cours'),
(884,2,'mam106','terminée'),
(885,27,'mar192','terminée'),
(886,3,'emm161','terminée'),
(887,6,'cri136','terminée'),
(888,2,'jam19','terminée'),
(889,7,'vir76','terminée'),
(890,9,'emm110','terminée'),
(891,28,'léo50','en attente'),
(892,30,'den103','terminée'),
(893,18,'lou107','terminée'),
(894,8,'océ55','terminée'),
(895,18,'mat31','terminée'),
(896,11,'emm191','terminée'),
(897,9,'que111','terminée'),
(898,6,'mel52','en attente'),
(899,8,'ala90','terminée'),
(900,27,'den33','terminée'),
(901,30,'pie156','terminée'),
(902,3,'est124','terminée'),
(903,3,'cha198','terminée'),
(904,7,'hél73','terminée'),
(905,8,'bla141','terminée'),
(906,18,'sam112','terminée'),
(907,8,'gaë41','terminée'),
(908,11,'eli185','terminée'),
(909,20,'fau46','terminée'),
(910,28,'bén178','terminée'),
(911,24,'isa122','terminée'),
(912,25,'fat121','terminée'),
(913,5,'clé71','terminée'),
(914,10,'chr180','terminée'),
(915,25,'dam102','en cours'),
(916,1,'aur74','terminée'),
(917,19,'pao135','terminée'),
(918,18,'pat123','terminée'),
(919,7,'san2','terminée'),
(920,9,'flo83','terminée'),
(921,11,'ben59','en cours'),
(922,28,'fra179','en attente'),
(923,30,'emi58','terminée'),
(924,29,'nor169','terminée'),
(925,4,'mar192','terminée'),
(926,9,'mel52','terminée'),
(927,27,'rog98','terminée'),
(928,26,'dia117','terminée'),
(929,11,'eve196','terminée'),
(930,26,'you16','terminée'),
(931,12,'mou109','terminée'),
(932,1,'mar131','terminée'),
(933,24,'eve17','terminée'),
(934,7,'bén178','terminée'),
(935,26,'maë87','terminée'),
(936,29,'dam102','terminée'),
(937,21,'lou35','en cours'),
(938,29,'bla116','terminée'),
(939,6,'rha183','terminée'),
(940,12,'pru36','terminée'),
(941,19,'gas67','terminée'),
(942,7,'pau163','terminée'),
(943,27,'san152','terminée'),
(944,18,'suz171','terminée'),
(945,5,'cha70','terminée'),
(946,28,'joa21','terminée'),
(947,8,'dom12','terminée'),
(948,20,'chr4','terminée'),
(949,28,'sol125','terminée'),
(950,11,'ele38','terminée'),
(951,3,'lou132','terminée'),
(952,12,'suz171','terminée'),
(953,11,'you16','terminée'),
(954,6,'mau27','en attente'),
(955,1,'aur74','terminée'),
(956,7,'pru6','terminée'),
(957,25,'bru187','terminée'),
(958,25,'fle13','en attente'),
(959,5,'rég101','terminée'),
(960,18,'zel82','en attente'),
(961,11,'arn22','terminée'),
(962,11,'den100','terminée'),
(963,5,'mam106','terminée'),
(964,12,'maë153','terminée'),
(965,1,'yas72','en cours'),
(966,10,'den84','en cours'),
(967,6,'lou35','terminée'),
(968,7,'and115','terminée'),
(969,25,'cla159','terminée'),
(970,10,'maë153','terminée'),
(971,28,'luc157','terminée'),
(972,7,'wen88','terminée'),
(973,1,'mel145','terminée'),
(974,26,'ale1','terminée'),
(975,3,'jac174','en cours'),
(976,2,'gas67','en cours'),
(977,28,'mam106','terminée'),
(978,10,'gas67','terminée'),
(979,9,'cha86','en cours'),
(980,8,'sol166','terminée'),
(981,29,'eli45','terminée'),
(982,29,'est124','terminée'),
(983,29,'zac78','terminée'),
(984,25,'ais97','terminée'),
(985,30,'gab175','terminée'),
(986,5,'jos127','en attente'),
(987,29,'elo148','terminée'),
(988,10,'arn22','terminée'),
(989,10,'den114','en cours'),
(990,7,'dom181','terminée'),
(991,26,'pét15','terminée'),
(992,16,'gas67','terminée'),
(993,10,'suz171','terminée'),
(994,16,'jac174','terminée'),
(995,10,'mar131','terminée'),
(996,2,'eve196','terminée'),
(997,28,'jos190','en cours'),
(998,11,'océ176','terminée'),
(999,6,'ala47','terminée');

---Filling table participe :

INSERT INTO participe VALUES
('den114',0,4),
('emm110',0,1),
('ily68',0,2),
('iph39',0,3),
('cha86',1,2),
('fra20',1,1),
('gra105',2,2),
('luc157',2,1),
('zac78',2,3),
('cha70',3,3),
('ele38',3,1),
('rom119',3,4),
('mau27',3,2),
('cha57',4,1),
('mau27',4,2),
('océ55',5,2),
('aur74',5,1),
('mar32',5,4),
('vin186',5,3),
('mél94',6,4),
('axe79',6,3),
('suz171',6,2),
('emm161',6,5),
('fra179',6,1),
('joh75',7,2),
('rom119',7,1),
('isi96',7,4),
('jac174',7,3),
('hél73',8,2),
('lou132',8,1),
('ond28',8,4),
('pao135',8,3),
('jad3',9,3),
('dia48',9,2),
('bér51',9,1),
('mic40',10,3),
('car139',10,1),
('bri130',10,2),
('emi58',11,1),
('mél94',11,2),
('cha198',12,NULL),
('emm191',13,5),
('jen160',13,3),
('rég101',13,2),
('eve196',13,4),
('den103',13,1),
('nol77',14,NULL),
('gra105',14,NULL),
('pén158',14,NULL),
('mou89',15,2),
('séb64',15,1),
('rom119',16,3),
('mar192',16,1),
('jos190',16,2),
('lil14',17,3),
('die195',17,2),
('pat123',17,1),
('pét15',18,4),
('emm161',18,5),
('eli185',18,7),
('ais97',18,2),
('dom12',18,1),
('mel52',18,6),
('wen88',18,3),
('dam102',19,2),
('den33',19,5),
('mat31',19,6),
('joh75',19,4),
('lou35',19,7),
('pie156',19,1),
('dom12',19,3),
('rég101',20,2),
('fau46',20,1),
('sam112',21,2),
('mar32',21,1),
('wen56',22,2),
('jea120',22,1),
('océ55',22,3),
('océ176',23,12),
('den100',23,6),
('mou109',23,8),
('fra188',23,9),
('mel145',23,7),
('ben59',23,1),
('den103',23,10),
('léo42',23,2),
('dom12',23,4),
('flo149',23,11),
('dor69',23,5),
('lou132',23,3),
('jea120',24,3),
('nor169',24,1),
('ren118',24,2),
('sol125',25,3),
('luc85',25,2),
('vin186',25,1),
('mam173',25,4),
('dim167',26,2),
('que7',26,1),
('jam19',27,2),
('mar108',27,1),
('maë87',28,1),
('wen88',28,2),
('fau46',29,3),
('fra179',29,4),
('bla141',29,4),
('ann128',29,2),
('lil14',29,1),
('ric133',30,3),
('zel82',30,1),
('mic40',30,2),
('joh93',31,2),
('cyn61',31,3),
('mar140',31,4),
('tan95',31,1),
('arn22',32,NULL),
('isa122',32,NULL),
('yve44',32,NULL),
('rég101',33,4),
('ben154',33,1),
('rog98',33,2),
('val23',33,3),
('irè5',34,2),
('ben154',34,1),
('emi58',35,3),
('rég101',35,2),
('jac174',35,1),
('flo83',35,4),
('oli126',36,1),
('flo83',36,2),
('luc157',37,NULL),
('mic40',37,NULL),
('car139',37,NULL),
('gra105',37,NULL),
('bér51',38,2),
('gab175',38,3),
('hél30',38,1),
('arn22',39,1),
('elo148',39,2),
('océ55',40,1),
('pru36',40,2),
('isi96',40,6),
('car139',40,5),
('mou109',40,4),
('mél94',40,3),
('jea34',41,1),
('mic40',41,2),
('den114',42,4),
('car139',42,3),
('dom184',42,1),
('dia117',42,2),
('mam106',43,6),
('emm161',43,5),
('gra105',43,7),
('eve17',43,2),
('ala47',43,4),
('emi37',43,8),
('wen88',43,1),
('ann49',43,3),
('eli185',44,2),
('mic40',44,3),
('geh144',44,1),
('pao135',45,2),
('pat123',45,1),
('dom12',45,2),
('den103',46,2),
('arn22',46,4),
('pas60',46,1),
('art43',46,2),
('isi96',47,NULL),
('arn22',48,2),
('fra188',48,1),
('emm81',48,3),
('lou35',48,4),
('rod155',49,3),
('mar140',49,6),
('bri130',49,4),
('joh75',49,5),
('den103',49,2),
('jad3',49,1),
('car139',50,2),
('irè5',50,3),
('ben11',50,1),
('mam173',51,3),
('den100',51,2),
('ann128',51,1),
('and54',52,7),
('jea34',52,3),
('mar104',52,6),
('isa122',52,2),
('hél91',52,1),
('lil113',52,5),
('fra188',52,4),
('rég101',53,1),
('mar182',53,1),
('car139',54,2),
('den100',54,1),
('pao135',54,3),
('mat31',55,NULL),
('arn22',55,NULL),
('fra188',55,NULL),
('den103',55,NULL),
('dav53',55,NULL),
('mar104',55,NULL),
('jea34',56,2),
('zor170',56,3),
('mar192',56,1),
('suz171',57,4),
('dom184',57,5),
('nat193',57,6),
('fle13',57,2),
('jea34',57,1),
('léo50',57,3),
('rom119',58,4),
('ond28',58,3),
('ric133',58,1),
('den33',58,2),
('den114',59,1),
('eve196',59,2),
('clé71',60,3),
('mar182',60,4),
('and54',60,2),
('ilh24',60,1),
('oli126',61,3),
('cha86',61,4),
('ren143',61,5),
('emm191',61,1),
('chr62',61,2),
('mar32',62,3),
('cha99',62,4),
('wen56',62,2),
('vir76',62,1),
('cla159',63,5),
('mar140',63,6),
('meh177',63,2),
('irè5',63,3),
('cha198',63,4),
('luc85',63,1),
('sim137',64,2),
('bér51',64,4),
('chr62',64,1),
('bri130',64,3),
('yas129',65,1),
('bér51',65,2),
('die195',66,6),
('emm81',66,2),
('cha70',66,1),
('den84',66,5),
('ily68',66,4),
('dor69',66,3),
('cla159',67,3),
('cha198',67,1),
('céc194',67,2),
('emm110',68,2),
('vir76',68,3),
('sim137',68,1),
('mar140',68,6),
('jad3',68,5),
('cas164',68,7),
('den33',68,4),
('ric133',69,3),
('séb64',69,4),
('bér51',69,2),
('den114',69,1),
('mar140',70,NULL),
('eli45',70,NULL),
('jam19',70,NULL),
('hub134',70,NULL),
('cri136',70,NULL),
('sam112',70,NULL),
('mam106',70,NULL),
('suz171',70,NULL),
('flo149',70,NULL),
('nol77',70,NULL),
('gra105',71,2),
('maë153',71,1),
('dom181',72,2),
('eve17',72,1),
('chr62',73,3),
('tom10',73,2),
('flo83',73,4),
('syl66',73,1),
('rog98',74,NULL),
('isi96',74,NULL),
('syl66',74,NULL),
('ren118',74,NULL),
('pru36',74,NULL),
('dim167',75,2),
('yas72',75,1),
('pie156',75,4),
('fle13',75,3),
('eth189',76,2),
('ily68',76,3),
('gaë41',76,1),
('mou109',77,1),
('joa21',77,2),
('flo142',77,3),
('cha86',78,3),
('joa21',78,4),
('tif147',78,1),
('rha183',78,2),
('wal26',79,3),
('cha99',79,1),
('sim137',79,4),
('lou132',79,2),
('ais97',80,1),
('eth189',80,2),
('jad3',80,4),
('bla141',80,3),
('art43',81,4),
('pie156',81,2),
('wen88',81,1),
('rog98',81,3),
('joh75',82,1),
('geh144',82,2),
('mat31',83,1),
('emi58',83,2),
('pao135',84,3),
('ann49',84,1),
('rég101',84,2),
('cri136',84,4),
('emm191',85,2),
('nor169',85,1),
('lou132',86,1),
('léo50',86,2),
('nor169',87,3),
('val23',87,4),
('léo50',87,1),
('san2',87,2),
('ais97',88,4),
('luc85',88,5),
('dia48',88,2),
('yas72',88,1),
('dam102',88,3),
('joh75',89,5),
('fra188',89,6),
('flo142',89,7),
('dia117',89,3),
('sam112',89,1),
('mat31',89,8),
('den114',89,4),
('ilh24',89,2),
('pau163',90,2),
('san152',90,1),
('cha70',90,3),
('chr180',90,4),
('gra105',91,1),
('gaë41',91,3),
('ann128',91,2),
('mar192',92,2),
('luc9',92,1),
('jul150',92,4),
('art43',92,3),
('céc194',92,5),
('est124',93,NULL),
('cyn61',94,1),
('joh75',94,2),
('mar104',94,4),
('wen88',94,3),
('mar140',95,7),
('meh177',95,2),
('dom184',95,4),
('isa122',95,1),
('emm81',95,5),
('cha57',95,6),
('gra105',95,3),
('den114',96,1),
('geh144',96,2),
('emi58',97,2),
('fra179',97,1),
('sol125',97,3),
('lou35',98,1),
('joh75',98,2),
('jos190',99,3),
('sol166',99,1),
('mou89',99,2),
('tom10',100,1),
('ond28',100,2),
('emm110',101,4),
('flo142',101,3),
('pru36',101,1),
('wal26',101,9),
('dom181',101,7),
('vin186',101,8),
('mam173',101,5),
('emi37',101,6),
('est124',101,2),
('lou132',102,2),
('léo42',102,3),
('fra20',102,1),
('mel145',103,2),
('vin186',103,1),
('dor69',103,4),
('lil113',103,3),
('eve17',104,4),
('luc157',104,1),
('cas164',104,3),
('ric133',104,2),
('fra20',105,2),
('tif147',105,1),
('emm81',106,1),
('eli185',106,2),
('mic40',107,2),
('pru36',107,1),
('oli126',108,3),
('eli185',108,1),
('irè5',108,2),
('léo50',109,3),
('hél73',109,2),
('dom181',109,1),
('san152',110,2),
('jea34',110,4),
('mar131',110,1),
('luc85',110,5),
('ben11',110,3),
('dom181',111,1),
('eve17',111,2),
('irè5',111,3),
('den33',112,1),
('yas72',112,3),
('cha99',112,2),
('dor69',113,NULL),
('est124',113,NULL),
('océ55',113,NULL),
('pén158',113,NULL),
('dom12',113,NULL),
('zel165',113,NULL),
('sam112',114,2),
('emm110',114,1),
('maë87',114,3),
('mic40',114,4),
('gra105',115,1),
('mel52',115,2),
('irè5',116,8),
('mam106',116,1),
('emi37',116,7),
('jea120',116,2),
('que7',116,4),
('ala90',116,9),
('eth189',116,6),
('mél94',116,5),
('cha99',116,3),
('léo42',117,1),
('pru36',117,2),
('val23',117,3),
('mam106',118,4),
('ben59',118,2),
('ily68',118,3),
('elo148',118,1),
('car139',119,2),
('zel165',119,1),
('emm110',120,1),
('mar182',120,2),
('ele38',121,3),
('cas164',121,2),
('chr180',121,1),
('hél30',121,4),
('ben11',122,3),
('chr4',122,1),
('ale1',122,2),
('fle13',123,2),
('mél94',123,1),
('isa122',123,3),
('mic40',124,2),
('sim137',124,4),
('son65',124,3),
('san152',124,1),
('cyr151',125,1),
('ann128',125,3),
('den103',125,4),
('bén178',125,2),
('sol166',126,2),
('irè5',126,1),
('luc9',127,3),
('rom119',127,2),
('and115',127,1),
('hub134',127,4),
('ilh24',128,2),
('ann128',128,1),
('den100',129,1),
('mar104',129,3),
('ala47',129,5),
('mel52',129,4),
('dam102',129,6),
('lou35',129,2),
('lou107',130,1),
('bér51',130,2),
('ric133',130,3),
('gaë41',131,NULL),
('zel82',132,1),
('cha99',132,2),
('séb64',133,1),
('art43',133,2),
('den33',134,4),
('dav53',134,2),
('joh75',134,3),
('mel145',134,5),
('flo149',134,1),
('zel165',135,2),
('mar108',135,5),
('aur74',135,4),
('yas129',135,3),
('pru36',135,1),
('nat193',135,6),
('and115',136,2),
('son65',136,1),
('luc157',136,3),
('flo142',136,4),
('oli126',137,3),
('bla141',137,4),
('mar192',137,1),
('ele38',137,2),
('emm161',137,8),
('jea120',137,7),
('jul150',137,6),
('lou107',137,10),
('ben154',137,5),
('zac78',137,9),
('irè5',138,6),
('luc9',138,7),
('clé71',138,5),
('cri136',138,4),
('yas72',138,1),
('rég101',138,2),
('ily68',138,3),
('ele38',139,2),
('isi96',139,1),
('eli45',140,3),
('cas164',140,2),
('car139',140,1),
('suz171',141,1),
('jul150',141,2),
('dom184',141,3),
('ren143',141,4),
('iph39',142,1),
('dor69',142,3),
('den114',142,4),
('bla162',142,2),
('mic40',143,7),
('mar192',143,4),
('céc194',143,3),
('yas72',143,1),
('ton168',143,5),
('hél30',143,6),
('emi58',143,9),
('jad3',143,10),
('mar182',143,8),
('ily68',143,2),
('dom12',144,6),
('wen88',144,5),
('ais97',144,4),
('gab175',144,7),
('fra8',144,1),
('wen56',144,3),
('bér51',144,2),
('elo25',145,1),
('dia48',145,2),
('léo50',145,3),
('jos190',145,4),
('isi96',146,3),
('sim137',146,1),
('maë153',146,2),
('mel145',146,4),
('eli45',147,4),
('tan95',147,2),
('suz171',147,1),
('lud172',147,3),
('oph138',148,2),
('sol125',148,1),
('tom10',149,2),
('maë153',149,8),
('die197',149,3),
('ilh24',149,9),
('jad3',149,5),
('ric133',149,3),
('mou109',149,6),
('pét15',149,7),
('eve196',149,1),
('bla141',150,3),
('ben11',150,1),
('cyn61',150,6),
('dom184',150,4),
('irè5',150,2),
('zac78',150,5),
('jea120',151,2),
('gab175',151,1),
('pét15',151,3),
('maë87',152,NULL),
('flo83',153,3),
('wen56',153,1),
('ele38',153,9),
('joa21',153,5),
('san152',153,10),
('chr62',153,1),
('zor170',153,7),
('son65',153,6),
('clé71',153,4),
('cha99',153,11),
('mel52',153,8),
('océ176',154,5),
('lou107',154,12),
('pas60',154,6),
('mam106',154,1),
('mam173',154,4),
('iph39',154,2),
('ily68',154,9),
('mou89',154,8),
('cyn61',154,7),
('emm110',154,3),
('dim167',154,10),
('dia117',154,11),
('zel82',155,1),
('ben59',155,2),
('oph138',156,1),
('wen56',156,3),
('dia48',156,4),
('vic29',156,2),
('art43',157,2),
('léo42',157,4),
('emi58',157,3),
('gaë41',157,1),
('fra8',158,5),
('cha99',158,2),
('pau163',158,6),
('fra179',158,3),
('bri130',158,1),
('wen56',158,4),
('cha70',159,1),
('mel145',159,2),
('emm161',160,4),
('mél94',160,7),
('gaë41',160,5),
('tan95',160,2),
('fra188',160,3),
('luc157',160,6),
('jad3',160,1),
('vic29',161,3),
('cyn61',161,2),
('cha198',161,1),
('cla159',162,NULL),
('ric133',163,7),
('and54',163,6),
('sam112',163,1),
('flo149',163,2),
('cri136',163,3),
('mel52',163,4),
('zac78',163,5),
('oli126',164,4),
('ilh24',164,3),
('mar108',164,2),
('séb64',164,1),
('dia48',165,NULL),
('aur74',165,NULL),
('rog98',165,NULL),
('lil14',165,NULL),
('jul150',165,NULL),
('mar140',165,NULL),
('die197',166,1),
('den33',166,3),
('mel52',166,2),
('den100',167,4),
('eli185',167,1),
('ily68',167,3),
('dam102',167,2),
('arn22',168,2),
('flo149',168,1),
('ele38',168,3),
('cha57',168,4),
('maë87',169,4),
('pru36',169,8),
('ais97',169,7),
('sol125',169,9),
('ily146',169,3),
('den100',169,1),
('emi58',169,5),
('mar104',169,2),
('jac174',169,6),
('jen160',170,3),
('isa122',170,1),
('mau27',170,2),
('sim137',171,3),
('emm191',171,4),
('dav53',171,5),
('wen56',171,1),
('cha86',171,2),
('rég101',172,1),
('mic40',172,3),
('ond28',172,1),
('ilh24',173,3),
('mam173',173,1),
('dom12',173,4),
('léo42',173,1),
('ren118',174,2),
('suz171',174,1),
('dor69',174,3),
('wal26',174,4),
('bla162',175,5),
('hél30',175,2),
('eth189',175,1),
('die197',175,3),
('ond28',175,4),
('fat121',176,2),
('cyr151',176,3),
('jea120',176,1),
('die195',177,2),
('jen160',177,3),
('car139',177,4),
('ele38',177,1),
('jea34',178,NULL),
('oli126',178,NULL),
('mar32',178,NULL),
('gas67',179,3),
('ily146',179,4),
('mam173',179,2),
('ann49',179,1),
('dam102',180,1),
('urs199',180,3),
('flo142',180,2),
('ais97',181,1),
('ann128',181,2),
('joh93',182,4),
('cha99',182,1),
('pru6',182,3),
('tif147',182,2),
('emm161',183,1),
('rég101',183,3),
('vic29',183,5),
('rha183',183,2),
('est124',183,4),
('lou107',183,6),
('ily68',184,2),
('cyr151',184,1),
('mam106',185,2),
('joa21',185,1),
('mar108',186,2),
('flo83',186,1),
('pat123',187,3),
('zor170',187,1),
('zel165',187,4),
('eth189',187,2),
('fra8',188,1),
('emm110',188,2),
('sam112',189,2),
('cha57',189,1),
('mar104',189,3),
('jac174',190,3),
('gas67',190,9),
('ilh24',190,6),
('gab175',190,7),
('ben11',190,10),
('mat31',190,1),
('lud172',190,4),
('ric133',190,8),
('sam112',190,2),
('fle13',190,5),
('die195',191,5),
('nat63',191,3),
('son65',191,7),
('fra8',191,2),
('zac78',191,1),
('joh93',191,4),
('isi96',191,6),
('joh75',191,8),
('emi58',192,NULL),
('ily68',192,NULL),
('vic29',192,NULL),
('rod155',192,NULL),
('dia48',193,NULL),
('jac174',193,NULL),
('fau46',193,NULL),
('wal26',193,NULL),
('cam18',194,3),
('bén178',194,5),
('vir76',194,2),
('pas60',194,1),
('mar32',194,4),
('mam106',195,2),
('cha70',195,1),
('hél30',196,2),
('tif147',196,3),
('yas129',196,4),
('rég101',196,1),
('emm81',197,2),
('zor170',197,1),
('pau163',198,3),
('elo148',198,2),
('ond28',198,1),
('wen56',199,2),
('pao135',199,1),
('léo42',200,4),
('hub134',200,2),
('mam106',200,1),
('jea120',200,3),
('wen88',201,NULL),
('chr62',201,NULL),
('joh93',202,4),
('iph39',202,3),
('dim167',202,2),
('bla141',202,1),
('joa21',203,1),
('ben59',203,3),
('bru187',203,2),
('oli126',204,NULL),
('yas129',204,NULL),
('irè5',204,NULL),
('oph138',204,NULL),
('dia117',204,NULL),
('cla159',204,NULL),
('dia117',205,2),
('océ176',205,3),
('océ55',205,4),
('cas164',205,10),
('jos127',205,6),
('ilh24',205,1),
('pét15',205,9),
('meh177',205,8),
('dia48',205,7),
('axe79',205,5),
('tom10',206,3),
('isi96',206,1),
('iph39',206,2),
('cla159',206,4),
('zel165',207,3),
('fra20',207,2),
('que7',207,1),
('océ55',208,3),
('hél91',208,2),
('mat31',208,1),
('chr4',209,4),
('syl66',209,1),
('zor170',209,1),
('oph138',209,3),
('die197',210,3),
('sol125',210,2),
('yas72',210,1),
('geh144',211,3),
('rég101',211,2),
('joa21',211,1),
('emm161',212,1),
('ben11',212,3),
('dom184',212,2),
('clé71',213,NULL),
('bén178',214,2),
('den33',214,3),
('dor69',214,1),
('jos190',214,4),
('syl66',215,7),
('den84',215,8),
('mél94',215,6),
('vir76',215,2),
('tif147',215,3),
('hub134',215,5),
('pét15',215,4),
('iph39',215,1),
('emm161',216,4),
('hél30',216,1),
('cha86',216,3),
('dia48',216,2),
('bén178',217,1),
('mel52',217,3),
('ala90',217,2),
('ilh24',217,4),
('die195',218,1),
('rod155',218,2),
('ily146',219,2),
('jea34',219,1),
('chr4',219,4),
('jad3',219,2),
('arn22',220,3),
('cla159',220,1),
('cha57',220,2),
('mar131',220,4),
('wen56',221,1),
('mar192',221,2),
('hél91',221,3),
('mel145',222,NULL),
('eth189',222,NULL),
('dim167',222,NULL),
('léo42',222,NULL),
('ben11',222,NULL),
('nol77',222,NULL),
('isa122',223,1),
('vir76',223,3),
('den103',223,4),
('wal92',223,2),
('cla159',223,5),
('mar192',224,2),
('mel145',224,1),
('sol125',225,5),
('arn22',225,3),
('isa122',225,2),
('emi58',225,9),
('jen160',225,6),
('mar108',225,4),
('gab175',225,7),
('cri136',225,1),
('mou109',225,8),
('irè5',226,1),
('ben59',226,3),
('ren118',226,5),
('lou132',226,2),
('san152',226,4),
('cas164',227,2),
('aur74',227,1),
('emm191',227,3),
('dam102',227,4),
('and54',228,2),
('jul150',228,1),
('jea34',229,NULL),
('zor170',229,NULL),
('flo142',230,5),
('zac78',230,2),
('emm110',230,3),
('isa122',230,1),
('mel52',230,4),
('aur74',231,1),
('ala90',231,2),
('jac174',232,1),
('cam18',232,2),
('jea120',233,1),
('luc85',233,4),
('mic40',233,6),
('flo142',233,5),
('ais97',233,6),
('sol166',233,3),
('ale1',233,6),
('ann128',233,2),
('mar108',234,1),
('pat123',234,2),
('océ55',234,4),
('den114',234,3),
('eli185',235,1),
('séb64',235,2),
('ben11',236,1),
('bén178',236,3),
('maë87',236,2),
('art43',237,3),
('cyn61',237,2),
('cor0',237,4),
('dia117',237,6),
('pét15',237,1),
('mic40',237,5),
('fra188',238,2),
('lil113',238,3),
('dia48',238,6),
('luc85',238,1),
('cha86',238,5),
('ann49',238,4),
('mat31',239,1),
('vir76',239,3),
('ren143',239,5),
('pat123',239,2),
('ann49',239,4),
('hél30',240,NULL),
('ilh24',240,NULL),
('mar108',240,NULL),
('dav53',240,NULL),
('lud172',241,NULL),
('ale1',241,NULL),
('mel145',241,NULL),
('nor169',241,NULL),
('fra8',241,NULL),
('mat31',242,2),
('cyr151',242,1),
('emm161',242,5),
('eve196',242,4),
('isa122',242,3),
('bér51',243,2),
('syl66',243,1),
('pét15',244,NULL),
('jam19',244,NULL),
('wen88',245,2),
('hub134',245,3),
('wen56',245,1),
('eve196',246,6),
('pau163',246,3),
('zor170',246,4),
('mel145',246,8),
('ric133',246,1),
('cha86',246,7),
('fra188',246,2),
('yas129',246,5),
('flo149',247,3),
('flo83',247,1),
('die195',247,2),
('val23',248,1),
('fra179',248,2),
('jac174',248,3),
('and54',249,1),
('ily146',249,2),
('den33',250,3),
('lou107',250,5),
('jen160',250,1),
('die197',250,2),
('sol166',250,4),
('léo50',251,4),
('dia48',251,1),
('dom12',251,2),
('hél30',251,3),
('bla162',252,4),
('léo50',252,3),
('cha99',252,6),
('dia117',252,8),
('art43',252,7),
('joh75',252,2),
('gaë41',252,10),
('mar104',252,1),
('sol166',252,5),
('ele38',252,8),
('bla116',253,1),
('vic29',253,4),
('isi96',253,1),
('pie156',253,3),
('lou132',254,3),
('sam112',254,1),
('flo149',254,2),
('nol77',254,4),
('die197',255,1),
('ais97',255,2),
('eli185',256,3),
('ric133',256,2),
('cha57',256,4),
('rod155',256,1),
('est124',257,2),
('ily146',257,4),
('eth189',257,1),
('joa21',257,3),
('maë87',258,1),
('tan95',258,2),
('suz171',259,2),
('hél91',259,4),
('dim167',259,1),
('ren118',259,3),
('and115',260,1),
('lil113',260,2),
('zel82',261,1),
('hél73',261,4),
('luc157',261,6),
('dia48',261,3),
('hél91',261,2),
('mam173',261,5),
('zac78',262,NULL),
('pat123',263,1),
('wal92',263,2),
('dia48',264,NULL),
('mar140',265,1),
('mat31',265,2),
('céc194',266,NULL),
('oli126',266,NULL),
('pat123',266,NULL),
('sim137',266,NULL),
('pau163',266,NULL),
('jac174',266,NULL),
('rha183',266,NULL),
('rog98',267,NULL),
('océ55',267,NULL),
('océ176',267,NULL),
('car139',268,5),
('yas72',268,2),
('bla116',268,3),
('lil14',268,1),
('ann49',268,4),
('san2',269,2),
('and54',269,1),
('zor170',270,2),
('bru187',270,4),
('gaë41',270,3),
('cas164',270,1),
('lil14',271,1),
('sol166',272,2),
('ben154',272,4),
('mam173',272,3),
('mou89',272,1),
('léo50',273,2),
('pao135',273,1),
('isa122',274,1),
('pén158',274,2),
('clé71',275,1),
('flo149',275,2),
('rom119',276,3),
('mar182',276,2),
('zel165',276,4),
('axe79',276,1),
('joh93',277,1),
('jos190',277,2),
('ily68',277,3),
('fle13',278,2),
('pru36',278,3),
('gaë41',278,1),
('joh93',278,3),
('rog98',279,2),
('eli45',279,1),
('jea34',279,5),
('fat121',279,3),
('tif147',279,4),
('lil113',280,2),
('den114',280,3),
('pét15',280,1),
('wen88',281,7),
('cyn61',281,8),
('wen56',281,1),
('flo83',281,5),
('nor169',281,1),
('hél73',281,6),
('rég101',281,9),
('tom10',281,3),
('fra20',281,4),
('pas60',281,10),
('bla162',282,1),
('eli185',282,2),
('ale1',283,2),
('mou109',283,4),
('gra105',283,1),
('isi96',283,3),
('emm110',284,6),
('cyr151',284,1),
('eve17',284,3),
('car139',284,4),
('dia48',284,7),
('den114',284,10),
('emi37',284,8),
('tom10',284,2),
('den84',284,5),
('axe79',284,8),
('tif147',285,1),
('luc9',285,2),
('tif147',286,2),
('mar104',286,2),
('sam112',286,5),
('die197',286,4),
('car139',286,1),
('ily146',287,2),
('bén178',287,3),
('pie156',287,1),
('dia117',288,2),
('fra8',288,3),
('den100',288,1),
('syl66',289,3),
('eli185',289,4),
('mou89',289,2),
('sam112',289,1),
('gas67',290,1),
('ale1',290,2),
('joh93',291,NULL),
('océ55',291,NULL),
('mar32',292,1),
('flo83',292,2),
('vic29',293,4),
('joh93',293,7),
('meh177',293,1),
('tan95',293,3),
('art43',293,6),
('and115',293,2),
('tom10',293,5),
('cri136',294,2),
('cha99',294,1),
('suz171',295,1),
('rog98',295,2),
('maë87',296,2),
('lou107',296,7),
('emi58',296,6),
('syl66',296,2),
('ala90',296,5),
('joa21',296,8),
('gaë41',296,1),
('emm110',296,4),
('dia48',297,4),
('mar182',297,3),
('den84',297,1),
('ton168',297,2),
('zac78',298,1),
('you16',298,2),
('eth189',298,6),
('clé71',298,3),
('san2',298,4),
('gab175',298,5),
('jea120',299,3),
('cyr151',299,2),
('cor0',299,4),
('cas164',299,1),
('emm161',300,2),
('wen88',300,4),
('gab175',300,1),
('cha57',300,3),
('cha99',301,1),
('dom12',301,2),
('jos190',302,3),
('ann49',302,1),
('you16',302,7),
('ric133',302,2),
('ala47',302,4),
('yve44',302,6),
('mic40',302,5),
('tif147',303,4),
('isi96',303,2),
('eli185',303,3),
('son65',303,1),
('nat193',304,1),
('lil113',304,2),
('den114',305,2),
('oli126',305,1),
('rég101',306,2),
('yas129',306,1),
('irè5',307,NULL),
('pru6',307,NULL),
('mat31',307,NULL),
('eth189',307,NULL),
('vir76',307,NULL),
('cyr151',308,4),
('lou132',308,2),
('syl66',308,3),
('mar182',308,1),
('chr62',309,3),
('bér51',309,1),
('mat31',309,4),
('san152',309,2),
('océ55',310,2),
('cam18',310,1),
('lou35',311,1),
('cha57',311,4),
('wen88',311,3),
('zel165',311,2),
('pén158',312,4),
('mel145',312,5),
('mou109',312,1),
('lou35',312,3),
('dor69',312,2),
('arn22',313,2),
('océ55',313,3),
('nol77',313,1),
('son65',313,4),
('lou132',314,1),
('dom184',314,2),
('mél94',315,2),
('ond28',315,3),
('bla116',315,1),
('car139',315,5),
('isi96',315,3),
('lae80',316,4),
('mat31',316,8),
('chr62',316,7),
('dor69',316,6),
('dam102',316,9),
('yas129',316,1),
('mau27',316,5),
('san152',316,10),
('zel165',316,3),
('wal92',316,1),
('wen56',317,2),
('fra179',317,1),
('vir76',318,2),
('gas67',318,4),
('lil14',318,1),
('fle13',318,3),
('hél91',319,2),
('cha198',319,1),
('bla116',319,3),
('flo142',320,6),
('eve17',320,6),
('nat193',320,8),
('oph138',320,9),
('lou35',320,12),
('elo148',320,3),
('flo83',320,11),
('ala90',320,10),
('you16',320,2),
('nol77',320,5),
('lae80',320,1),
('cla159',320,4),
('wal92',321,2),
('mel145',321,4),
('mau27',321,3),
('océ176',321,1),
('cha99',322,2),
('jam19',322,4),
('pru6',322,2),
('bla116',322,1),
('jea34',323,NULL),
('hub134',323,NULL),
('flo142',323,NULL),
('sol125',323,NULL),
('lil14',323,NULL),
('wal26',323,NULL),
('sim137',323,NULL),
('séb64',324,2),
('léo50',324,4),
('tif147',324,1),
('wal26',324,3),
('mat31',325,5),
('que7',325,4),
('jac174',325,3),
('zac78',325,2),
('joh93',325,1),
('and115',326,1),
('ilh24',326,2),
('emm110',326,3),
('que7',326,4),
('dim167',327,4),
('bru187',327,3),
('léo42',327,1),
('emm110',327,5),
('cla159',327,6),
('val23',327,2),
('mau27',327,7),
('lou107',328,4),
('wal26',328,3),
('lil14',328,2),
('flo83',328,1),
('jea120',329,2),
('cri136',329,1),
('ily68',329,3),
('luc157',329,4),
('wen56',330,1),
('fra8',330,4),
('nor169',330,3),
('suz171',330,2),
('pau163',331,NULL),
('nor169',331,NULL),
('wen56',331,NULL),
('fle13',331,NULL),
('oph138',332,1),
('pét15',332,2),
('cla159',332,4),
('flo142',332,3),
('ais97',333,4),
('mar104',333,1),
('yas129',333,2),
('jul150',333,3),
('oph138',333,5),
('mam106',334,2),
('bri130',334,3),
('jad3',334,4),
('den33',334,1),
('bén178',335,3),
('dom12',335,5),
('fra188',335,4),
('mel145',335,1),
('séb64',335,2),
('bri130',336,3),
('emm110',336,1),
('fra179',336,2),
('isi96',336,4),
('yas129',337,3),
('emm110',337,4),
('gab175',337,2),
('ben154',337,1),
('dim167',338,1),
('rég101',338,2),
('ond28',339,NULL),
('rég101',340,4),
('you16',340,5),
('mar108',340,1),
('jea120',340,3),
('mau27',340,6),
('ele38',340,7),
('zac78',340,2),
('oph138',340,8),
('den33',341,2),
('séb64',341,4),
('eli45',341,3),
('pat123',341,1),
('jul150',341,5),
('nor169',342,NULL),
('rom119',343,2),
('val23',343,1),
('ben11',344,4),
('cyn61',344,1),
('dia117',344,2),
('bér51',344,3),
('eli45',344,5),
('mar108',345,6),
('dia117',345,1),
('léo50',345,2),
('ben11',345,5),
('meh177',345,3),
('oli126',345,7),
('jam19',345,4),
('ann49',346,2),
('sim137',346,1),
('dor69',347,2),
('cas164',347,1),
('ily68',348,NULL),
('eve196',348,NULL),
('chr62',348,NULL),
('nat63',348,NULL),
('emm110',349,3),
('cha57',349,2),
('zor170',349,4),
('joh93',349,1),
('isi96',350,2),
('lil14',350,4),
('fra8',350,3),
('pie156',350,5),
('flo142',350,1),
('bla162',351,2),
('maë87',351,4),
('hél30',351,3),
('mam106',351,1),
('vic29',352,3),
('cha57',352,1),
('elo148',352,4),
('yve44',352,2),
('ann49',353,1),
('zel165',353,2),
('mou109',353,4),
('lil113',353,3),
('ond28',354,1),
('que111',354,3),
('san152',354,4),
('oli126',354,1),
('lud172',355,4),
('cha86',355,2),
('mat31',355,1),
('meh177',355,3),
('lud172',356,1),
('dom184',356,1),
('mou89',356,3),
('nor169',357,3),
('joa21',357,5),
('iph39',357,2),
('ily68',357,1),
('jac174',357,4),
('mam173',357,7),
('lou107',357,6),
('sol166',358,2),
('aur74',358,4),
('lou107',358,5),
('joh93',358,1),
('you16',358,3),
('tif147',359,1),
('zel82',359,2),
('den114',360,2),
('den103',360,1),
('mam173',361,4),
('fau46',361,2),
('ond28',361,3),
('yas72',361,5),
('dom181',361,1),
('eli45',362,2),
('dim167',362,1),
('emm110',363,1),
('mar140',363,2),
('ton168',363,3),
('san152',363,4),
('den114',364,NULL),
('emi58',364,NULL),
('tom10',364,NULL),
('gas67',364,NULL),
('jos127',365,1),
('hél30',365,2),
('ale1',366,2),
('jam19',366,4),
('mél94',366,5),
('wen56',366,3),
('sam112',366,1),
('dia48',366,6),
('mél94',367,3),
('cor0',367,2),
('ben11',367,4),
('mou89',367,1),
('fra179',368,NULL),
('die197',368,NULL),
('yve44',369,1),
('chr180',369,2),
('cyn61',369,3),
('san152',370,NULL),
('cha86',370,NULL),
('que111',371,3),
('dim167',371,1),
('elo25',371,4),
('and115',371,2),
('mél94',372,1),
('urs199',372,2),
('fra188',372,3),
('lou107',373,3),
('ren118',373,1),
('que7',373,1),
('luc157',374,1),
('elo148',374,2),
('mic40',375,5),
('tif147',375,2),
('hub134',375,4),
('zel82',375,3),
('pét15',375,1),
('jam19',376,4),
('chr4',376,3),
('mic40',376,1),
('geh144',376,2),
('mic40',377,1),
('ric133',377,5),
('bén178',377,2),
('flo149',377,4),
('vir76',377,3),
('lae80',378,NULL),
('cha198',378,NULL),
('san152',378,NULL),
('pét15',378,NULL),
('chr4',378,NULL),
('eli45',378,NULL),
('pas60',378,NULL),
('dim167',378,NULL),
('flo149',379,2),
('pas60',379,1),
('san152',380,NULL),
('ben11',380,NULL),
('dim167',380,NULL),
('mel52',381,1),
('ben154',381,3),
('rod155',381,2),
('océ176',381,4),
('yas129',382,2),
('emm161',382,1),
('emm191',383,3),
('mam106',383,7),
('ben154',383,2),
('hub134',383,4),
('jos127',383,1),
('océ176',383,5),
('den33',383,5),
('nat193',384,3),
('mat31',384,1),
('clé71',384,2),
('ton168',385,4),
('eve196',385,2),
('séb64',385,1),
('ann49',385,6),
('cyr151',385,7),
('mam106',385,3),
('elo25',385,5),
('rég101',386,3),
('ale1',386,2),
('pru36',386,5),
('eli45',386,4),
('léo50',386,1),
('cyn61',387,NULL),
('dor69',388,NULL),
('mar32',388,NULL),
('emm110',388,NULL),
('céc194',388,NULL),
('lil14',389,2),
('san152',389,3),
('isi96',389,6),
('ben59',389,5),
('que7',389,4),
('maë153',389,1),
('mam173',389,7),
('yas129',390,NULL),
('oph138',391,1),
('nol77',391,4),
('die195',391,3),
('oli126',391,2),
('ily68',391,5),
('hél73',392,2),
('hél30',392,1),
('chr180',392,4),
('bén178',392,3),
('syl66',393,10),
('dia48',393,9),
('axe79',393,5),
('emi58',393,8),
('nol77',393,3),
('rog98',393,3),
('vin186',393,2),
('mar104',393,1),
('rég101',393,7),
('sol125',393,6),
('yas72',394,4),
('ann128',394,1),
('jos127',394,2),
('syl66',394,3),
('elo25',395,4),
('jad3',395,5),
('océ176',395,3),
('car139',395,6),
('ilh24',395,1),
('mar108',395,2),
('eli45',395,7),
('dor69',396,1),
('isi96',396,2),
('wen56',397,6),
('pat123',397,7),
('mou109',397,3),
('rog98',397,1),
('pie156',397,4),
('isi96',397,2),
('emm161',397,4),
('arn22',398,1),
('dim167',398,2),
('dam102',398,3),
('fat121',399,2),
('ric133',399,1),
('ond28',400,NULL),
('oph138',400,NULL),
('ric133',400,NULL),
('est124',400,NULL),
('mat31',400,NULL),
('gra105',401,1),
('dam102',401,4),
('den33',401,5),
('ele38',401,6),
('arn22',401,2),
('yas72',401,3),
('bla162',402,1),
('léo42',402,3),
('tom10',402,2),
('rom119',403,2),
('sol166',403,3),
('pat123',403,4),
('rég101',403,5),
('rha183',403,1),
('ily146',404,2),
('wal92',404,1),
('wen56',404,3),
('yas72',405,1),
('fra20',405,3),
('océ176',405,2),
('isa122',405,5),
('den114',405,4),
('wal92',406,2),
('mam106',406,3),
('oli126',406,4),
('cyr151',406,1),
('dom181',407,2),
('val23',407,1),
('hél91',408,4),
('mic40',408,3),
('clé71',408,2),
('den114',408,1),
('est124',408,5),
('vin186',409,4),
('mar140',409,5),
('ann128',409,6),
('mar192',409,3),
('chr4',409,1),
('jos190',409,2),
('ala47',410,1),
('emm81',410,2),
('hél73',411,4),
('dia48',411,3),
('mat31',411,1),
('lou107',411,2),
('maë87',412,4),
('lil113',412,2),
('que111',412,3),
('car139',412,1),
('fau46',413,4),
('mar192',413,3),
('ily68',413,2),
('cas164',413,1),
('you16',413,5),
('ilh24',414,6),
('ond28',414,1),
('cyr151',414,3),
('mat31',414,4),
('vir76',414,5),
('zor170',414,2),
('vir76',415,3),
('jad3',415,2),
('pau163',415,4),
('jen160',415,1),
('ton168',415,5),
('jac174',416,1),
('and54',416,2),
('hél73',417,1),
('wen88',417,3),
('axe79',417,2),
('die195',418,NULL),
('fra188',419,1),
('ilh24',419,2),
('emm191',419,3),
('yve44',420,2),
('gab175',420,1),
('and54',421,1),
('tan95',421,2),
('lou35',422,1),
('den103',422,2),
('emi58',422,4),
('wal26',422,3),
('oph138',423,NULL),
('bri130',423,NULL),
('léo50',423,NULL),
('maë153',423,NULL),
('lae80',424,4),
('ann128',424,1),
('mam106',424,3),
('elo148',424,2),
('axe79',425,1),
('tan95',425,4),
('ond28',425,5),
('zel82',425,3),
('dia117',425,2),
('pas60',426,2),
('lou35',426,1),
('emm191',427,2),
('dia48',427,1),
('oph138',428,5),
('ale1',428,4),
('rom119',428,1),
('dam102',428,3),
('pao135',428,6),
('elo25',428,2),
('wal26',428,7),
('ric133',429,1),
('yas72',429,2),
('geh144',430,NULL),
('elo25',430,NULL),
('den84',430,NULL),
('mar192',431,2),
('mar140',431,1),
('nat63',431,3),
('flo83',432,2),
('zor170',432,4),
('océ55',432,1),
('cha70',432,3),
('bru187',432,5),
('oli126',433,NULL),
('mou89',433,NULL),
('bla116',433,NULL),
('ala90',433,NULL),
('fle13',434,4),
('mél94',434,3),
('eve196',434,5),
('nor169',434,1),
('wen88',434,2),
('emm81',434,6),
('urs199',435,3),
('ily68',435,4),
('mar131',435,1),
('emi58',435,2),
('zor170',436,5),
('ben59',436,2),
('mam173',436,3),
('rom119',436,1),
('pru6',436,4),
('san2',437,2),
('zel165',437,6),
('est124',437,4),
('dim167',437,3),
('tom10',437,5),
('hub134',437,1),
('luc157',438,5),
('est124',438,1),
('chr4',438,4),
('jea120',438,3),
('elo148',438,2),
('mél94',439,6),
('céc194',439,4),
('séb64',439,3),
('pru6',439,2),
('isa122',439,1),
('arn22',439,5),
('wal92',440,1),
('jos127',441,1),
('pru6',441,3),
('jea34',441,2),
('lil14',442,2),
('emi58',442,3),
('hél73',442,1),
('pie156',443,1),
('bla141',443,2),
('rog98',443,4),
('irè5',443,3),
('jen160',444,2),
('die197',444,1),
('ren118',444,5),
('flo83',444,3),
('séb64',444,4),
('lae80',445,7),
('lil113',445,3),
('wal26',445,5),
('dom12',445,2),
('mam106',445,6),
('eve17',445,1),
('ben59',445,4),
('gra105',446,3),
('cha86',446,1),
('lae80',446,4),
('fle13',446,2),
('and115',447,3),
('mat31',447,4),
('val23',447,1),
('syl66',447,2),
('dim167',448,1),
('nor169',448,2),
('axe79',448,4),
('and54',448,3),
('arn22',449,1),
('suz171',449,4),
('lil113',449,2),
('lou107',449,8),
('gas67',449,3),
('hél73',449,5),
('mar108',449,9),
('ben154',449,10),
('fra20',449,6),
('dom181',449,7),
('art43',450,4),
('mou89',450,2),
('cyn61',450,1),
('vic29',450,3),
('pau163',451,4),
('mar104',451,3),
('emi37',451,1),
('nat193',451,2),
('cas164',452,2),
('jea120',452,3),
('fra179',452,1),
('emm191',453,NULL),
('ily146',453,NULL),
('pru6',453,NULL),
('yas72',454,2),
('wen56',454,4),
('emm191',454,3),
('ton168',454,1),
('dom12',455,NULL),
('bén178',455,NULL),
('die197',455,NULL),
('mel145',455,NULL),
('den103',456,4),
('wen88',456,5),
('ilh24',456,3),
('ale1',456,2),
('irè5',456,1),
('wal92',457,5),
('ale1',457,4),
('cla159',457,2),
('nat193',457,3),
('clé71',457,1),
('dor69',458,1),
('cyn61',458,4),
('est124',458,5),
('mar131',458,3),
('que111',458,2),
('tan95',458,6),
('yve44',459,1),
('cha57',459,2),
('pat123',460,5),
('nor169',460,4),
('fra8',460,3),
('mat31',460,1),
('cha99',460,2),
('mar192',460,6),
('eli185',461,1),
('mau27',461,4),
('tif147',461,2),
('you16',461,3),
('gra105',462,2),
('mél94',462,1),
('mar32',462,3),
('and54',463,2),
('fra179',463,3),
('léo42',463,4),
('dia117',463,1),
('emm191',464,2),
('vir76',464,3),
('maë153',464,1),
('wal26',465,NULL),
('wal92',466,3),
('suz171',466,1),
('art43',466,2),
('and115',466,4),
('jad3',467,2),
('lou107',467,4),
('ben59',467,3),
('léo42',467,1),
('jac174',468,1),
('ann128',468,2),
('sim137',469,1),
('cas164',469,2),
('hél73',470,NULL),
('elo148',471,NULL),
('bén178',471,NULL),
('rom119',471,NULL),
('emi37',471,NULL),
('urs199',472,2),
('mam173',472,1),
('mat31',473,2),
('dia117',473,1),
('iph39',473,3),
('elo148',473,4),
('sam112',474,4),
('bla116',474,2),
('zac78',474,3),
('ala90',474,1),
('emm110',475,4),
('lou107',475,1),
('mic40',475,3),
('tom10',475,4),
('hub134',475,2),
('geh144',476,2),
('gaë41',476,1),
('ale1',477,1),
('yas129',477,2),
('rég101',478,2),
('syl66',478,3),
('dim167',478,1),
('léo42',478,4),
('ren143',479,1),
('yas72',479,2),
('séb64',479,3),
('rog98',480,2),
('fra8',480,1),
('eve17',481,2),
('nol77',481,1),
('den103',482,1),
('lou107',482,2),
('san152',483,1),
('cor0',483,2),
('isa122',484,NULL),
('pru36',484,NULL),
('jac174',484,NULL),
('chr180',484,NULL),
('emm161',484,NULL),
('bla162',484,NULL),
('emm81',485,NULL),
('hél91',485,NULL),
('ala47',485,NULL),
('eli185',485,NULL),
('mou89',485,NULL),
('art43',485,NULL),
('nat63',486,7),
('mat31',486,3),
('fra8',486,5),
('pru36',486,1),
('bla141',486,6),
('ele38',486,2),
('axe79',486,4),
('pét15',487,6),
('bla141',487,4),
('ily146',487,7),
('joh75',487,1),
('mat31',487,3),
('cas164',487,5),
('art43',487,2),
('est124',488,3),
('océ176',488,1),
('lae80',488,4),
('and115',488,5),
('nat193',488,2),
('jam19',489,1),
('mat31',489,2),
('lud172',489,3),
('jul150',490,3),
('pru6',490,4),
('luc9',490,1),
('aur74',490,5),
('que7',490,6),
('gra105',490,2),
('ale1',490,7),
('emm191',491,4),
('lil113',491,3),
('hél73',491,5),
('cha70',491,2),
('den84',491,1),
('joh93',492,1),
('ily146',492,3),
('ben11',492,2),
('lil113',492,4),
('ond28',493,NULL),
('jea34',493,NULL),
('chr180',494,3),
('tif147',494,1),
('mam106',494,2),
('mar182',495,NULL),
('fra188',495,NULL),
('gas67',495,NULL),
('ann49',495,NULL),
('mar140',495,NULL),
('wal26',495,NULL),
('jea34',496,2),
('eli45',496,1),
('mél94',497,2),
('cam18',497,1),
('ton168',498,6),
('bla141',498,5),
('oph138',498,3),
('gas67',498,2),
('ann49',498,1),
('wal92',498,4),
('urs199',499,2),
('maë153',499,3),
('cha57',499,1),
('rog98',500,1),
('luc85',500,3),
('océ55',500,2),
('céc194',500,4),
('and54',501,NULL),
('die195',501,NULL),
('den33',501,NULL),
('dim167',501,NULL),
('zac78',501,NULL),
('jul150',501,NULL),
('chr180',502,3),
('nat193',502,4),
('dom181',502,5),
('pru6',502,1),
('tom10',502,2),
('ric133',503,4),
('zor170',503,2),
('vic29',503,3),
('lae80',503,1),
('mar140',504,NULL),
('océ55',505,3),
('eve196',505,2),
('jos127',505,1),
('pau163',506,1),
('ily68',506,2),
('fra8',506,3),
('bla116',507,5),
('ond28',507,6),
('océ176',507,2),
('ily68',507,3),
('sam112',507,4),
('dim167',507,1),
('mar140',508,NULL),
('son65',508,NULL),
('séb64',508,NULL),
('cor0',509,NULL),
('bri130',509,NULL),
('ele38',509,NULL),
('flo149',509,NULL),
('hél73',509,NULL),
('pie156',509,NULL),
('dia117',510,2),
('cha57',510,3),
('elo148',510,1),
('hél30',511,7),
('emi58',511,4),
('fra20',511,3),
('mau27',511,9),
('ele38',511,8),
('mar104',511,1),
('emm191',511,6),
('cla159',511,10),
('eli185',511,2),
('rog98',511,5),
('you16',512,1),
('pau163',512,2),
('elo148',513,2),
('mar32',513,1),
('dom181',513,3),
('mam173',514,1),
('jea34',514,2),
('emm191',515,5),
('jac174',515,3),
('mel145',515,4),
('emm81',515,1),
('jea34',515,2),
('mat31',516,1),
('pén158',516,4),
('mar182',516,2),
('cha57',516,3),
('ale1',517,4),
('zor170',517,1),
('cha70',517,2),
('dom184',517,3),
('ily68',517,5),
('mou89',518,NULL),
('cla159',519,1),
('sam112',519,3),
('rom119',519,4),
('aur74',519,2),
('mar108',520,5),
('ale1',520,3),
('mar192',520,4),
('mou109',520,1),
('joh75',520,7),
('ben59',520,6),
('dim167',520,2),
('hél91',521,2),
('sam112',521,1),
('bru187',522,3),
('lae80',522,1),
('mic40',522,2),
('wen88',523,1),
('maë87',523,3),
('léo42',523,2),
('hél73',524,4),
('cas164',524,1),
('pau163',524,2),
('bla162',524,3),
('cha86',525,1),
('dia117',525,4),
('luc85',525,2),
('die197',525,3),
('jen160',526,3),
('océ176',526,5),
('mam173',526,4),
('pie156',526,2),
('dim167',526,1),
('sim137',527,NULL),
('lil113',527,NULL),
('isi96',527,NULL),
('meh177',527,NULL),
('urs199',527,NULL),
('pie156',527,NULL),
('hél73',528,1),
('pao135',528,3),
('dom181',528,2),
('gas67',529,2),
('emm191',529,3),
('cha198',529,1),
('yas129',530,2),
('gra105',530,1),
('pén158',531,3),
('ren143',531,2),
('joa21',531,1),
('ben59',532,1),
('den114',532,3),
('céc194',532,2),
('syl66',533,3),
('cyr151',533,1),
('mar131',533,2),
('eli45',534,2),
('wal92',534,1),
('clé71',534,4),
('tan95',534,3),
('emi58',535,NULL),
('gas67',535,NULL),
('den114',535,NULL),
('zel82',535,NULL),
('zel165',535,NULL),
('fra188',535,NULL),
('hub134',536,2),
('oli126',536,1),
('flo142',537,1),
('jam19',537,3),
('gra105',537,2),
('yas129',537,4),
('meh177',538,3),
('zel165',538,1),
('gra105',538,2),
('cyn61',539,1),
('lou107',539,2),
('mar131',540,4),
('fle13',540,7),
('joh93',540,1),
('cri136',540,5),
('isi96',540,2),
('luc9',540,3),
('maë153',540,6),
('den103',541,3),
('yas129',541,5),
('art43',541,7),
('wen88',541,2),
('mou109',541,6),
('rha183',541,1),
('bén178',541,9),
('ale1',541,8),
('geh144',541,10),
('rom119',541,4),
('yas72',542,1),
('ben59',542,4),
('ilh24',542,3),
('and115',542,5),
('fra8',542,2),
('emm191',543,1),
('jac174',543,2),
('elo148',544,2),
('gra105',544,1),
('cha57',545,1),
('gas67',545,2),
('mar182',546,3),
('rod155',546,1),
('mar192',546,2),
('joa21',546,4),
('jea34',547,1),
('séb64',547,2),
('ren143',548,3),
('gas67',548,1),
('mel52',548,2),
('pét15',549,5),
('mar140',549,4),
('jad3',549,2),
('dom184',549,8),
('gaë41',549,7),
('que111',549,1),
('mar131',549,6),
('rég101',549,3),
('bla116',550,1),
('zac78',550,2),
('emm161',551,NULL),
('pén158',552,5),
('maë153',552,3),
('bla116',552,4),
('nor169',552,2),
('cas164',552,1),
('fra8',553,1),
('isa122',553,2),
('emm191',553,4),
('cam18',553,3),
('hub134',554,7),
('eve17',554,3),
('mau27',554,9),
('bér51',554,2),
('oli126',554,8),
('hél73',554,10),
('jac174',554,6),
('arn22',554,1),
('bla116',554,4),
('elo25',554,5),
('dim167',555,4),
('gra105',555,1),
('cyr151',555,3),
('mar108',555,2),
('mar104',556,1),
('joh75',556,3),
('lil14',556,2),
('fra8',557,1),
('joh93',557,2),
('mar131',557,3),
('fle13',558,4),
('nat63',558,1),
('syl66',558,2),
('lou107',558,3),
('elo148',559,NULL),
('mar140',559,NULL),
('oph138',559,NULL),
('flo142',560,NULL),
('syl66',561,2),
('jam19',561,1),
('den103',562,NULL),
('emm161',563,3),
('jos190',563,1),
('nol77',563,2),
('séb64',564,3),
('ric133',564,1),
('suz171',564,2),
('chr4',565,NULL),
('léo42',565,NULL),
('ren118',565,NULL),
('rha183',565,NULL),
('jen160',565,NULL),
('jul150',565,NULL),
('mar182',565,NULL),
('que7',566,NULL),
('yas72',566,NULL),
('sol125',567,1),
('jam19',567,2),
('léo42',568,5),
('ond28',568,4),
('emm191',568,2),
('oli126',568,3),
('mou89',568,1),
('art43',569,3),
('cam18',569,1),
('hél30',569,2),
('lou107',569,4),
('séb64',570,1),
('emm110',570,2),
('dim167',570,3),
('flo142',571,5),
('axe79',571,6),
('cor0',571,2),
('mar140',571,4),
('luc85',571,8),
('den84',571,7),
('cam18',571,3),
('emm81',571,1),
('luc157',572,1),
('yas72',572,2),
('eli185',573,2),
('syl66',573,3),
('ann128',573,1),
('zel82',573,6),
('wen88',573,4),
('zel165',573,5),
('ric133',574,3),
('zel82',574,4),
('séb64',574,2),
('rom119',574,1),
('bén178',575,1),
('mar131',575,5),
('léo42',575,3),
('yas72',575,2),
('ben59',575,4),
('mar140',576,2),
('lil14',576,1),
('tan95',576,3),
('ala90',577,4),
('luc9',577,3),
('emi58',577,2),
('dim167',577,1),
('sim137',578,1),
('bén178',578,4),
('mat31',578,2),
('léo42',578,3),
('flo83',578,5),
('ele38',578,6),
('cas164',579,2),
('joa21',579,1),
('irè5',580,2),
('mam173',580,4),
('flo142',580,3),
('rha183',580,1),
('sol166',581,3),
('cha86',581,2),
('nor169',581,4),
('lou132',581,1),
('céc194',582,5),
('irè5',582,1),
('bru187',582,4),
('eth189',582,3),
('flo142',582,2),
('nat63',583,2),
('mar192',583,2),
('art43',583,1),
('tom10',584,1),
('jul150',584,2),
('emm81',584,3),
('cor0',585,1),
('and54',585,2),
('die197',585,3),
('eli45',586,5),
('nol77',586,1),
('cha70',586,7),
('yas72',586,2),
('mat31',586,4),
('jac174',586,6),
('yve44',586,3),
('mat31',587,3),
('océ55',587,1),
('lud172',587,2),
('die195',588,2),
('suz171',588,1),
('fra188',588,4),
('ond28',588,3),
('bru187',589,1),
('mar192',589,3),
('joa21',589,4),
('jac174',589,2),
('dia48',590,4),
('emm110',590,5),
('san152',590,2),
('dor69',590,1),
('mic40',590,3),
('lae80',591,3),
('ond28',591,2),
('cyr151',591,1),
('rod155',592,2),
('dim167',592,3),
('cas164',592,1),
('cam18',592,4),
('jam19',593,2),
('mel145',593,1),
('eth189',594,3),
('tom10',594,1),
('syl66',594,2),
('dom12',595,1),
('cha99',595,2),
('gab175',596,NULL),
('den114',596,NULL),
('dom181',596,NULL),
('hél91',596,NULL),
('mam106',597,1),
('ren143',597,2),
('vir76',597,3),
('chr62',598,1),
('dom181',598,5),
('zac78',598,3),
('dom12',598,4),
('mam106',598,2),
('dia48',599,1),
('ben154',599,2),
('cha99',600,4),
('zel165',600,1),
('elo148',600,2),
('mau27',600,6),
('den33',600,3),
('emm81',600,5),
('mic40',601,NULL),
('ily146',601,NULL),
('ala47',601,NULL),
('ann49',601,NULL),
('arn22',601,NULL),
('irè5',602,2),
('eve196',602,1),
('ann128',602,3),
('lud172',603,2),
('bla141',603,4),
('oph138',603,3),
('fra20',603,1),
('die197',604,3),
('ala47',604,4),
('flo83',604,2),
('lou107',604,1),
('mam106',605,3),
('cha86',605,1),
('mar182',605,2),
('die195',606,2),
('jac174',606,3),
('car139',606,1),
('eth189',606,4),
('hél30',607,NULL),
('wen88',608,4),
('emm161',608,1),
('lil14',608,3),
('hub134',608,2),
('bla116',609,3),
('ily146',609,1),
('zor170',609,4),
('rod155',609,2),
('cha86',610,2),
('fra20',610,5),
('mar108',610,9),
('maë87',610,1),
('hél73',610,8),
('wal92',610,10),
('emm191',610,7),
('flo83',610,3),
('yve44',610,4),
('zor170',610,6),
('wen88',611,3),
('tom10',611,2),
('ric133',611,4),
('dia117',611,5),
('die195',611,1),
('maë87',611,6),
('oph138',612,NULL),
('and115',612,NULL),
('ond28',613,1),
('chr180',613,2),
('tif147',614,4),
('lae80',614,3),
('mam173',614,2),
('tan95',614,1),
('dav53',615,3),
('mar104',615,2),
('gaë41',615,4),
('hél30',615,5),
('pat123',615,1),
('jul150',616,NULL),
('mar182',617,5),
('wal26',617,1),
('son65',617,6),
('mou109',617,2),
('ond28',617,3),
('hél73',617,7),
('ben59',617,4),
('gra105',618,5),
('luc85',618,3),
('val23',618,4),
('clé71',618,2),
('eve196',618,1),
('hél30',618,6),
('dav53',619,1),
('die197',619,2),
('emm191',619,3),
('den100',619,4),
('joa21',620,1),
('tif147',620,2),
('dom12',621,3),
('pén158',621,4),
('que111',621,1),
('ala90',621,2),
('mar32',622,8),
('flo142',622,10),
('pas60',622,5),
('urs199',622,4),
('vir76',622,9),
('océ176',622,3),
('wal26',622,2),
('die197',622,7),
('gas67',622,6),
('mam106',622,1),
('joh75',623,3),
('lou107',623,2),
('nat193',623,1),
('cha70',624,4),
('dav53',624,3),
('die195',624,2),
('ele38',624,1),
('syl66',625,1),
('cha57',625,2),
('and115',625,3),
('mar32',625,4),
('and115',626,2),
('chr180',626,3),
('cla159',626,1),
('gab175',627,1),
('tan95',627,4),
('san152',627,9),
('yas72',627,5),
('flo142',627,2),
('tom10',627,3),
('zac78',627,7),
('val23',627,8),
('fat121',627,6),
('ele38',628,1),
('sol166',628,2),
('cha86',629,2),
('cas164',629,4),
('joh93',629,7),
('vir76',629,6),
('léo42',629,1),
('vin186',629,3),
('emm81',629,5),
('tif147',630,1),
('isa122',630,2),
('den100',631,4),
('axe79',631,1),
('chr62',631,2),
('cla159',631,5),
('ala90',631,3),
('mau27',631,6),
('fra20',632,3),
('ric133',632,3),
('pau163',632,1),
('gra105',632,2),
('cri136',633,2),
('pru36',633,4),
('bru187',633,7),
('axe79',633,10),
('mar131',633,9),
('lou132',633,5),
('den100',633,3),
('mar32',633,1),
('cyr151',633,6),
('tif147',633,8),
('flo83',634,2),
('iph39',634,1),
('emm161',635,2),
('maë87',635,1),
('vin186',636,2),
('bla141',636,1),
('rha183',637,5),
('den103',637,3),
('cha99',637,2),
('jea34',637,4),
('pat123',637,1),
('fat121',638,NULL),
('flo142',638,NULL),
('ily68',639,1),
('oli126',639,4),
('nat193',639,2),
('gas67',639,7),
('san152',639,5),
('mar108',639,6),
('nat63',639,3),
('emm161',640,3),
('eli45',640,1),
('and115',640,4),
('lae80',640,2),
('cor0',640,5),
('cha99',640,6),
('chr4',640,7),
('fra188',641,2),
('sol166',641,3),
('que7',641,1),
('fra20',642,1),
('léo42',642,5),
('léo50',642,6),
('gas67',642,3),
('bla162',642,2),
('fra188',642,4),
('den100',643,2),
('die197',643,3),
('dor69',643,1),
('mat31',643,4),
('ilh24',644,4),
('tif147',644,3),
('geh144',644,1),
('san2',644,5),
('fat121',644,1),
('yas129',644,6),
('ala90',645,2),
('bén178',645,5),
('mél94',645,4),
('rég101',645,1),
('elo148',645,3),
('mel52',646,1),
('flo149',646,3),
('san152',646,2),
('mar192',647,4),
('emm81',647,1),
('syl66',647,3),
('cha57',647,2),
('yas129',648,2),
('son65',648,1),
('mel52',649,2),
('pru36',649,1),
('cam18',650,3),
('hub134',650,1),
('flo149',650,2),
('séb64',650,5),
('pie156',650,4),
('joa21',651,3),
('jen160',651,1),
('cha86',651,2),
('ond28',652,NULL),
('ond28',653,5),
('jos127',653,1),
('océ55',653,5),
('elo25',653,2),
('bri130',653,3),
('and54',653,4),
('joa21',654,2),
('zor170',654,1),
('dim167',655,1),
('fau46',655,1),
('ily146',656,2),
('den114',656,3),
('cas164',656,1),
('dom181',657,2),
('rog98',657,7),
('chr62',657,5),
('lou35',657,1),
('vin186',657,4),
('san152',657,6),
('emi37',657,3),
('ann128',658,1),
('bla141',658,3),
('gaë41',658,4),
('cor0',658,2),
('urs199',659,2),
('tif147',659,1),
('fau46',660,2),
('mar192',660,5),
('cam18',660,1),
('bru187',660,3),
('chr4',660,4),
('mat31',661,NULL),
('irè5',661,NULL),
('isi96',661,NULL),
('zel165',661,NULL),
('vic29',661,NULL),
('lil113',661,NULL),
('mar108',662,NULL),
('bla162',662,NULL),
('axe79',663,3),
('luc85',663,5),
('jos190',663,4),
('bla162',663,2),
('den103',663,1),
('nat63',663,6),
('wen56',664,4),
('bér51',664,2),
('elo25',664,2),
('ilh24',664,1),
('den33',665,NULL),
('mar192',665,NULL),
('cha86',665,NULL),
('urs199',665,NULL),
('mar104',665,NULL),
('cha57',666,3),
('bla141',666,4),
('mat31',666,1),
('dom12',666,2),
('tif147',667,2),
('oph138',667,1),
('jad3',668,2),
('ann49',668,4),
('art43',668,6),
('emi37',668,7),
('sim137',668,5),
('fau46',668,3),
('son65',668,8),
('pie156',668,10),
('zac78',668,1),
('cla159',668,9),
('pas60',669,2),
('ric133',669,1),
('mou109',669,3),
('rha183',670,3),
('océ176',670,2),
('ben154',670,1),
('dom12',671,2),
('ren143',671,1),
('yve44',672,1),
('luc157',672,3),
('zor170',672,2),
('pét15',673,2),
('gra105',673,3),
('axe79',673,1),
('fra20',673,4),
('bla141',674,2),
('yas72',674,3),
('cor0',674,4),
('ben59',674,6),
('mel52',674,7),
('bru187',674,5),
('pao135',674,1),
('pru36',674,8),
('fra179',675,2),
('and54',675,4),
('mam106',675,1),
('pét15',675,3),
('flo149',676,2),
('eve17',676,1),
('pat123',676,3),
('cha198',677,1),
('fra20',677,3),
('gas67',677,2),
('oph138',678,1),
('lil14',678,2),
('den84',678,3),
('nor169',679,4),
('océ55',679,2),
('rod155',679,3),
('jac174',679,1),
('que111',680,1),
('and54',680,3),
('dom12',680,2),
('séb64',681,4),
('jam19',681,6),
('oph138',681,2),
('mam106',681,1),
('nol77',681,5),
('jea34',681,3),
('irè5',682,1),
('eth189',682,2),
('lil113',683,3),
('pru36',683,2),
('bla162',683,1),
('fau46',684,1),
('rég101',684,6),
('ben59',684,2),
('and115',684,4),
('vir76',684,3),
('pas60',684,5),
('zel82',685,3),
('bén178',685,2),
('cha99',685,1),
('océ55',686,2),
('jos127',686,1),
('sol166',687,1),
('jea120',687,2),
('vir76',687,3),
('ben11',688,1),
('fra188',688,2),
('den103',688,4),
('luc9',688,3),
('mou89',689,1),
('dam102',689,3),
('sol125',689,2),
('jos127',690,6),
('dor69',690,3),
('maë87',690,2),
('den100',690,7),
('san152',690,5),
('yas129',690,1),
('ele38',690,4),
('tan95',690,8),
('dia48',691,NULL),
('lae80',691,NULL),
('tan95',691,NULL),
('lud172',691,NULL),
('irè5',691,NULL),
('arn22',692,NULL),
('dor69',693,2),
('ily146',693,1),
('dav53',693,3),
('cha86',694,3),
('elo148',694,4),
('jen160',694,2),
('pru36',694,1),
('you16',695,3),
('ele38',695,2),
('ily68',695,1),
('gra105',695,4),
('die197',696,3),
('aur74',696,4),
('nor169',696,2),
('pas60',696,1),
('nat193',697,2),
('océ176',697,1),
('zor170',698,1),
('joh75',698,3),
('que111',698,2),
('mel145',699,2),
('die197',699,1),
('luc157',699,3),
('mat31',700,3),
('ben154',700,2),
('nol77',700,1),
('ren118',701,2),
('jea120',701,4),
('jos127',701,1),
('luc85',701,3),
('pét15',701,5),
('mel145',701,6),
('iph39',702,2),
('fau46',702,3),
('sol125',702,1),
('mar140',702,4),
('rog98',703,1),
('mar104',703,2),
('wal92',704,2),
('irè5',704,1),
('pie156',704,3),
('mar108',705,2),
('den114',705,4),
('nol77',705,1),
('joh93',705,3),
('yve44',706,NULL),
('rha183',706,NULL),
('die197',706,NULL),
('tom10',706,NULL),
('wal92',706,NULL),
('rod155',706,NULL),
('zel165',706,NULL),
('urs199',707,3),
('ond28',707,1),
('cla159',707,6),
('rég101',707,7),
('rod155',707,4),
('jos127',707,5),
('cha198',707,9),
('irè5',707,8),
('eli45',707,10),
('ily68',707,2),
('ric133',708,3),
('jos190',708,1),
('eve17',708,1),
('ond28',709,4),
('hél91',709,3),
('eve17',709,2),
('est124',709,1),
('eve196',710,NULL),
('sol125',710,NULL),
('oph138',710,NULL),
('hél73',710,NULL),
('jen160',711,2),
('gab175',711,5),
('dim167',711,4),
('cha70',711,3),
('fra188',711,1),
('mic40',712,2),
('emm191',712,1),
('flo149',712,3),
('pat123',713,3),
('bér51',713,4),
('rog98',713,5),
('wen88',713,1),
('cor0',713,6),
('art43',713,2),
('mar108',713,7),
('ren143',714,4),
('aur74',714,2),
('dam102',714,3),
('nor169',714,1),
('den33',715,2),
('cam18',715,1),
('wen88',715,5),
('geh144',715,4),
('bru187',715,3),
('maë153',716,10),
('iph39',716,9),
('lae80',716,1),
('pru6',716,8),
('oli126',716,6),
('emm191',716,2),
('zel165',716,4),
('mel145',716,5),
('car139',716,7),
('bér51',716,3),
('and115',717,1),
('luc157',717,1),
('ily146',717,3),
('yas129',718,3),
('nol77',718,4),
('gaë41',718,1),
('fra188',718,2),
('sol166',719,5),
('vir76',719,1),
('rod155',719,3),
('and115',719,2),
('pat123',719,4),
('mel145',720,1),
('tan95',720,4),
('zel165',720,3),
('mam106',720,5),
('emm81',720,2),
('mou109',721,NULL),
('ily68',722,3),
('que7',722,2),
('wal26',722,4),
('san152',722,1),
('ily146',723,1),
('mel145',723,4),
('ala47',723,6),
('bén178',723,9),
('fra20',723,7),
('mar32',723,3),
('mar192',723,10),
('mam173',723,11),
('hub134',723,2),
('yve44',723,8),
('emm161',723,5),
('ilh24',724,5),
('rom119',724,4),
('jea120',724,1),
('elo148',724,2),
('léo42',724,3),
('emm110',724,6),
('gaë41',725,1),
('mam173',725,2),
('que111',726,2),
('fau46',726,3),
('fle13',726,1),
('jad3',726,4),
('pau163',727,4),
('geh144',727,5),
('maë153',727,7),
('wal92',727,2),
('isa122',727,6),
('que111',727,3),
('mar104',727,1),
('wen56',728,8),
('mar104',728,2),
('mar192',728,4),
('cam18',728,6),
('cha86',728,10),
('dom184',728,1),
('mau27',728,5),
('ton168',728,7),
('geh144',728,3),
('joa21',728,8),
('bér51',729,2),
('den103',729,3),
('dor69',729,4),
('yas129',729,1),
('yas72',730,2),
('cha99',730,1),
('gaë41',731,3),
('elo148',731,1),
('zac78',731,5),
('fle13',731,4),
('lou132',731,2),
('clé71',732,2),
('zac78',732,3),
('pru36',732,1),
('wal26',732,4),
('ren118',733,1),
('lou35',733,3),
('yas72',733,4),
('flo142',733,2),
('urs199',733,5),
('eth189',734,2),
('chr62',734,1),
('ben11',735,1),
('mic40',735,2),
('luc85',736,1),
('bén178',736,2),
('ben59',737,6),
('gab175',737,1),
('clé71',737,4),
('son65',737,3),
('eli45',737,2),
('joa21',737,5),
('rod155',738,2),
('wen88',738,1),
('gra105',739,2),
('bru187',739,1),
('pie156',740,1),
('emm161',740,2),
('jos190',741,6),
('mou109',741,4),
('joa21',741,2),
('cla159',741,3),
('lil113',741,5),
('bri130',741,1),
('que7',741,7),
('ben11',742,NULL),
('hél91',742,NULL),
('zor170',742,NULL),
('flo83',742,NULL),
('wen56',743,2),
('axe79',743,1),
('yas129',743,3),
('oli126',743,4),
('mar140',744,3),
('fle13',744,2),
('flo149',744,4),
('cla159',744,1),
('lou132',745,1),
('tom10',745,2),
('ben59',746,7),
('aur74',746,4),
('cyn61',746,1),
('tan95',746,6),
('jad3',746,2),
('pat123',746,3),
('gab175',746,8),
('ben11',746,5),
('mou109',747,6),
('flo142',747,1),
('wal92',747,8),
('arn22',747,9),
('ann49',747,2),
('eve196',747,7),
('fau46',747,5),
('luc9',747,10),
('lil14',747,4),
('iph39',747,2),
('mar104',748,2),
('que7',748,1),
('dav53',749,NULL),
('emi37',750,1),
('ala90',750,3),
('lil113',750,2),
('urs199',750,6),
('rod155',750,5),
('yas72',750,4),
('luc157',751,NULL),
('fau46',751,NULL),
('cha70',751,NULL),
('emm191',751,NULL),
('mar108',751,NULL),
('zel165',751,NULL),
('chr4',752,3),
('flo83',752,4),
('cha198',752,1),
('dim167',752,2),
('and54',752,6),
('vir76',752,7),
('dam102',752,5),
('bér51',753,3),
('die197',753,5),
('mou109',753,4),
('urs199',753,1),
('jad3',753,2),
('lou132',754,2),
('isa122',754,1),
('maë87',755,1),
('oli126',755,2),
('axe79',756,4),
('mau27',756,3),
('vic29',756,1),
('fra20',756,2),
('vin186',757,2),
('pau163',757,1),
('nol77',757,3),
('yve44',757,5),
('emi58',757,4),
('ily146',758,2),
('fra8',758,1),
('pas60',758,2),
('fra179',759,2),
('emm191',759,4),
('gas67',759,1),
('den114',759,3),
('eve196',760,NULL),
('ann128',760,NULL),
('ben154',760,NULL),
('ond28',760,NULL),
('fra8',761,1),
('cyn61',761,2),
('dav53',761,3),
('pie156',762,NULL),
('cla159',762,NULL),
('mar192',763,2),
('hél30',763,1),
('arn22',764,1),
('eve196',764,6),
('isi96',764,2),
('rég101',764,4),
('meh177',764,5),
('gab175',764,3),
('léo50',765,9),
('gaë41',765,7),
('nat193',765,4),
('pru36',765,11),
('bla116',765,8),
('cha70',765,3),
('zac78',765,10),
('dor69',765,2),
('dav53',765,12),
('mam173',765,5),
('urs199',765,1),
('sol125',765,6),
('gra105',766,4),
('yas72',766,3),
('ele38',766,1),
('jam19',766,2),
('sam112',767,3),
('emi58',767,1),
('gab175',767,2),
('sam112',768,1),
('rom119',768,2),
('urs199',769,1),
('oli126',769,3),
('mar140',769,2),
('chr62',769,4),
('mic40',770,NULL),
('emm161',770,NULL),
('lil113',770,NULL),
('léo42',770,NULL),
('geh144',770,NULL),
('nol77',771,1),
('chr180',771,2),
('den103',772,2),
('cha198',772,1),
('est124',773,NULL),
('eli45',773,NULL),
('fle13',774,1),
('joh75',774,2),
('nat63',775,1),
('ale1',775,2),
('nol77',775,3),
('bla162',776,2),
('iph39',776,3),
('flo149',776,1),
('sol125',777,1),
('dia48',777,2),
('dom12',777,3),
('and54',777,4),
('cha86',778,3),
('nat193',778,1),
('axe79',778,2),
('ilh24',779,NULL),
('cas164',779,NULL),
('maë87',779,NULL),
('chr62',779,NULL),
('geh144',779,NULL),
('hél73',779,NULL),
('chr180',780,3),
('bén178',780,1),
('die195',780,4),
('ren118',780,2),
('lou107',781,2),
('céc194',781,3),
('sol166',781,1),
('est124',782,3),
('jul150',782,2),
('sim137',782,1),
('pau163',783,1),
('fra188',783,2),
('mar108',784,5),
('jea120',784,1),
('tan95',784,2),
('cha86',784,6),
('emm110',784,3),
('dom184',784,4),
('emm81',785,2),
('mat31',785,3),
('rod155',785,1),
('emm191',786,4),
('nat63',786,1),
('pén158',786,2),
('bér51',786,3),
('ben59',787,3),
('cam18',787,4),
('lil113',787,1),
('dia117',787,5),
('cri136',787,2),
('dom12',788,7),
('pao135',788,3),
('dor69',788,4),
('rog98',788,1),
('wal26',788,5),
('mar140',788,6),
('wen56',788,2),
('cha99',789,2),
('ben59',789,3),
('hél91',789,1),
('mau27',790,5),
('den84',790,3),
('luc85',790,6),
('bén178',790,1),
('you16',790,2),
('mel52',790,4),
('mar140',791,1),
('eve196',791,2),
('sim137',792,3),
('zel82',792,1),
('gas67',792,2),
('mar108',793,5),
('nor169',793,2),
('den33',793,6),
('rog98',793,7),
('sol125',793,3),
('jac174',793,8),
('flo149',793,1),
('jea34',793,4),
('dom184',794,3),
('tan95',794,1),
('isa122',794,2),
('lou35',795,1),
('gra105',795,4),
('luc9',795,2),
('jen160',795,3),
('ren118',796,3),
('pat123',796,2),
('and54',796,1),
('sim137',797,4),
('pas60',797,6),
('ale1',797,5),
('cha198',797,2),
('fra188',797,2),
('ric133',797,1),
('eth189',798,NULL),
('gab175',798,NULL),
('nat193',798,NULL),
('lil14',798,NULL),
('jul150',798,NULL),
('pas60',798,NULL),
('arn22',798,NULL),
('fra188',798,NULL),
('art43',798,NULL),
('ilh24',798,NULL),
('fra20',798,NULL),
('emm110',798,NULL),
('chr62',799,2),
('hél30',799,1),
('cha57',800,2),
('eve196',800,3),
('jul150',800,1),
('ren118',801,3),
('jul150',801,1),
('ais97',801,4),
('gab175',801,2),
('luc157',802,1),
('ann49',802,3),
('fle13',802,2),
('cyr151',803,3),
('rod155',803,1),
('ann128',803,4),
('sol166',803,2),
('fau46',804,1),
('wal26',804,4),
('emi37',804,2),
('oph138',804,3),
('ily146',805,4),
('lou107',805,1),
('pie156',805,3),
('vin186',805,2),
('lou107',806,5),
('iph39',806,2),
('die197',806,4),
('emm161',806,3),
('mic40',806,6),
('den114',806,1),
('mam106',807,NULL),
('yve44',807,NULL),
('suz171',807,NULL),
('wal92',807,NULL),
('emm161',808,1),
('luc157',808,3),
('pau163',808,2),
('bla141',809,3),
('hél73',809,1),
('nat63',809,5),
('den100',809,4),
('pru6',809,2),
('pét15',810,1),
('mel145',810,2),
('ben11',811,6),
('mar108',811,8),
('eli45',811,7),
('lou132',811,5),
('jea120',811,4),
('ilh24',811,3),
('suz171',811,1),
('eve17',811,2),
('rég101',812,2),
('yve44',812,3),
('mar104',812,1),
('fle13',813,1),
('vin186',813,2),
('luc157',813,2),
('gab175',814,1),
('jos127',814,2),
('chr62',814,3),
('rog98',814,4),
('axe79',815,4),
('sol166',815,1),
('den84',815,3),
('que111',815,1),
('yve44',816,2),
('isa122',816,1),
('emm161',816,3),
('wen56',816,4),
('zac78',817,2),
('san152',817,1),
('jos127',817,3),
('que7',818,2),
('lou107',818,1),
('luc85',818,6),
('lil113',818,5),
('mél94',818,3),
('iph39',818,4),
('mat31',819,1),
('fat121',819,3),
('océ176',819,2),
('emm191',820,3),
('mar131',820,1),
('dia48',820,2),
('fau46',821,1),
('gab175',821,2),
('wen88',822,1),
('pru6',822,2),
('iph39',822,3),
('eli45',823,4),
('you16',823,6),
('oli126',823,5),
('wal92',823,1),
('yas129',823,3),
('cha57',823,2),
('bla116',824,3),
('hél30',824,4),
('mel145',824,2),
('fau46',824,5),
('pét15',824,1),
('rég101',825,1),
('isi96',825,3),
('nat63',825,2),
('hub134',826,3),
('isi96',826,2),
('vin186',826,6),
('you16',826,8),
('jos190',826,4),
('bla116',826,9),
('wal92',826,5),
('arn22',826,7),
('cha57',826,10),
('die197',826,1),
('jen160',827,5),
('lil14',827,2),
('lud172',827,4),
('pru6',827,3),
('den84',827,1),
('oph138',828,2),
('ton168',828,1),
('mat31',829,2),
('luc157',829,3),
('mar131',829,1),
('lou107',829,4),
('flo149',830,2),
('jos190',830,1),
('ann128',831,4),
('gab175',831,5),
('vir76',831,2),
('cyr151',831,1),
('pét15',831,3),
('emm110',832,NULL),
('rod155',833,1),
('den114',833,4),
('suz171',833,3),
('den33',833,5),
('mar108',833,2),
('car139',834,6),
('emm191',834,8),
('ais97',834,8),
('bla162',834,1),
('zel165',834,3),
('yve44',834,7),
('mar182',834,5),
('zac78',834,10),
('rom119',834,4),
('fat121',834,1),
('nat193',835,3),
('jam19',835,1),
('chr180',835,2),
('ilh24',835,4),
('mou109',835,5),
('dia117',836,1),
('ele38',836,4),
('ann49',836,3),
('ben59',836,2),
('pru36',837,2),
('dom181',837,5),
('ben154',837,1),
('nor169',837,3),
('pat123',837,4),
('ale1',838,4),
('tif147',838,2),
('jul150',838,3),
('cla159',838,1),
('cla159',839,1),
('dom12',839,2),
('den103',840,2),
('mau27',840,1),
('die197',841,1),
('mat31',841,2),
('you16',841,3),
('ben11',842,3),
('nol77',842,1),
('eth189',842,2),
('gab175',843,NULL),
('eth189',843,NULL),
('hub134',843,NULL),
('sim137',843,NULL),
('lae80',843,NULL),
('cha86',844,3),
('ren118',844,5),
('oph138',844,1),
('ala47',844,2),
('den114',844,4),
('jad3',845,2),
('mar192',845,1),
('zel165',846,7),
('yve44',846,8),
('fra20',846,5),
('mar108',846,3),
('gaë41',846,9),
('luc157',846,2),
('dom184',846,6),
('mar104',846,4),
('eth189',846,1),
('bla116',847,1),
('que111',847,2),
('ale1',847,3),
('pén158',847,4),
('nol77',848,2),
('jad3',848,1),
('maë87',848,3),
('nat193',848,4),
('ily146',849,2),
('wen56',849,1),
('die197',850,1),
('urs199',850,3),
('que7',850,2),
('bru187',851,1),
('emm110',851,5),
('suz171',851,4),
('geh144',851,3),
('pat123',851,6),
('sol125',851,2),
('mam106',852,NULL),
('pau163',852,NULL),
('jam19',852,NULL),
('eli185',852,NULL),
('sam112',852,NULL),
('san2',853,4),
('ilh24',853,3),
('dom184',853,1),
('pat123',853,2),
('ele38',854,1),
('eli185',854,2),
('jen160',855,2),
('que7',855,3),
('céc194',855,1),
('ilh24',856,1),
('mel145',856,2),
('ric133',857,11),
('syl66',857,2),
('hub134',857,9),
('aur74',857,1),
('ais97',857,10),
('pat123',857,6),
('que111',857,5),
('yas72',857,3),
('elo25',857,7),
('emi37',857,8),
('wen88',857,4),
('ale1',858,1),
('zor170',858,2),
('que7',858,3),
('fat121',859,2),
('oli126',859,1),
('lil113',859,3),
('mat31',860,1),
('rom119',860,2),
('you16',860,3),
('lou35',861,NULL),
('cam18',861,NULL),
('cha99',862,NULL),
('lou107',862,NULL),
('ben11',863,2),
('fra20',863,1),
('sim137',864,1),
('dia48',864,3),
('den114',864,2),
('zor170',865,2),
('ben154',865,3),
('emm191',865,1),
('chr4',866,4),
('wal26',866,2),
('meh177',866,1),
('and54',866,3),
('fat121',867,NULL),
('dia48',867,NULL),
('pén158',867,NULL),
('bla141',867,NULL),
('emm81',868,2),
('val23',868,1),
('fra8',869,1),
('emm191',869,2),
('ond28',869,3),
('tom10',869,4),
('arn22',870,3),
('zel165',870,2),
('rha183',870,1),
('dor69',871,4),
('iph39',871,1),
('océ55',871,3),
('hub134',871,2),
('emm191',872,3),
('hub134',872,5),
('océ176',872,2),
('cas164',872,1),
('chr62',872,6),
('you16',872,8),
('mam106',872,7),
('mou109',872,3),
('tan95',873,6),
('den33',873,8),
('maë87',873,1),
('gas67',873,7),
('vic29',873,2),
('nol77',873,11),
('ale1',873,9),
('geh144',873,10),
('ann49',873,3),
('ala90',873,5),
('mat31',873,4),
('zel165',874,6),
('mar104',874,3),
('mar32',874,1),
('luc157',874,4),
('flo142',874,5),
('pru6',874,2),
('ben154',875,2),
('lil113',875,1),
('léo42',876,NULL),
('jea34',876,NULL),
('mar131',876,NULL),
('ily146',876,NULL),
('céc194',877,3),
('mar104',877,4),
('vin186',877,2),
('zel82',877,1),
('cha70',878,NULL),
('elo148',878,NULL),
('chr62',878,NULL),
('jen160',878,NULL),
('ric133',878,NULL),
('jea34',879,1),
('tan95',879,3),
('die195',879,1),
('sol125',879,4),
('ala90',880,4),
('emi37',880,2),
('cha86',880,5),
('cha70',880,6),
('jac174',880,1),
('ric133',880,3),
('tan95',881,2),
('lou107',881,3),
('tif147',881,1),
('ton168',882,3),
('eve196',882,1),
('flo83',882,4),
('mam173',882,2),
('cor0',883,NULL),
('ale1',883,NULL),
('rha183',883,NULL),
('joa21',884,4),
('tif147',884,5),
('mam106',884,2),
('bla141',884,8),
('hél91',884,9),
('den84',884,7),
('flo142',884,10),
('die195',884,6),
('art43',884,1),
('son65',884,3),
('sam112',885,2),
('mar192',885,1),
('emm161',886,1),
('jen160',886,3),
('mar108',886,3),
('dom181',886,2),
('jea34',887,3),
('den114',887,1),
('cri136',887,4),
('and54',887,2),
('dia48',888,2),
('tom10',888,4),
('lae80',888,3),
('jam19',888,1),
('ben154',888,5),
('chr4',888,6),
('vir76',889,1),
('cas164',889,4),
('cha99',889,6),
('luc157',889,3),
('cla159',889,2),
('jen160',889,5),
('emm110',890,3),
('mic40',890,2),
('rod155',890,1),
('léo50',891,NULL),
('lil14',891,NULL),
('irè5',892,1),
('den103',892,5),
('sol166',892,2),
('yas72',892,4),
('eli185',892,3),
('oli126',893,3),
('ala47',893,2),
('rod155',893,4),
('lou107',893,1),
('océ55',894,5),
('cyn61',894,1),
('mar32',894,3),
('jad3',894,3),
('fau46',894,2),
('mat31',895,4),
('nat63',895,3),
('yve44',895,1),
('cyr151',895,2),
('you16',896,2),
('emm191',896,1),
('que111',897,1),
('joh75',897,2),
('art43',897,3),
('cyr151',897,4),
('mel52',898,NULL),
('san152',899,1),
('tan95',899,3),
('ala90',899,2),
('ben11',900,1),
('art43',900,3),
('den33',900,2),
('vic29',901,3),
('mel52',901,1),
('jad3',901,2),
('pie156',901,4),
('pao135',902,1),
('est124',902,3),
('yas72',902,2),
('cyr151',903,5),
('pas60',903,4),
('bla141',903,3),
('dam102',903,2),
('cha198',903,1),
('cam18',904,4),
('dom12',904,1),
('hél73',904,3),
('die195',904,2),
('axe79',905,4),
('rha183',905,6),
('geh144',905,3),
('jos190',905,2),
('bri130',905,1),
('bla141',905,5),
('hub134',906,1),
('arn22',906,3),
('sam112',906,2),
('léo50',906,3),
('ily68',907,2),
('zac78',907,1),
('mel52',907,5),
('dom184',907,3),
('gaë41',907,4),
('eli185',908,2),
('ale1',908,1),
('tif147',908,3),
('jad3',909,5),
('vir76',909,4),
('fau46',909,2),
('vic29',909,10),
('joh75',909,7),
('rod155',909,8),
('ann128',909,3),
('mar182',909,1),
('den103',909,6),
('cha198',909,9),
('elo148',910,1),
('bén178',910,3),
('hél91',910,4),
('jea120',910,2),
('bru187',911,2),
('isa122',911,3),
('ric133',911,4),
('eve196',911,1),
('fat121',912,2),
('yas72',912,3),
('cri136',912,1),
('clé71',913,1),
('eve196',913,3),
('que111',913,2),
('ala90',913,4),
('chr180',914,1),
('den100',914,3),
('pru36',914,2),
('nol77',915,NULL),
('dam102',915,NULL),
('aur74',916,1),
('eli45',916,2),
('yve44',917,2),
('pao135',917,1),
('den114',918,2),
('pat123',918,1),
('meh177',918,3),
('cri136',918,4),
('san2',919,2),
('san152',919,1),
('clé71',919,7),
('urs199',919,4),
('dim167',919,3),
('lil113',919,6),
('jen160',919,9),
('océ176',919,8),
('dia48',919,5),
('vir76',920,3),
('you16',920,5),
('flo83',920,1),
('dom181',920,4),
('yas72',920,1),
('arn22',921,NULL),
('sol125',921,NULL),
('ben59',921,NULL),
('rom119',921,NULL),
('fra179',922,NULL),
('cha57',923,1),
('jad3',923,4),
('syl66',923,5),
('flo83',923,6),
('sol166',923,3),
('emi58',923,2),
('yve44',923,7),
('isa122',924,3),
('pru6',924,4),
('mam106',924,6),
('nor169',924,1),
('cas164',924,2),
('rég101',924,5),
('dom181',925,4),
('rom119',925,1),
('fra188',925,3),
('mar192',925,1),
('oli126',926,4),
('fle13',926,2),
('sim137',926,3),
('lou132',926,1),
('mel52',926,5),
('flo149',927,3),
('ala47',927,4),
('mar32',927,2),
('rog98',927,1),
('son65',928,3),
('fra179',928,4),
('nol77',928,2),
('dia117',928,1),
('dam102',928,5),
('sam112',929,1),
('wal92',929,3),
('eve196',929,2),
('you16',930,1),
('jos190',930,2),
('mar140',931,4),
('cha198',931,1),
('tan95',931,2),
('mou109',931,3),
('pie156',932,4),
('mar131',932,3),
('nol77',932,2),
('zac78',932,1),
('dia48',933,3),
('mel52',933,1),
('eve17',933,2),
('pét15',933,4),
('irè5',934,6),
('san152',934,2),
('ren143',934,3),
('hél30',934,3),
('bén178',934,1),
('mar108',934,5),
('fau46',935,2),
('maë87',935,3),
('mat31',935,1),
('luc85',936,4),
('mar182',936,1),
('cas164',936,2),
('vic29',936,5),
('jam19',936,6),
('dam102',936,3),
('lou35',937,NULL),
('maë153',938,4),
('zel82',938,1),
('suz171',938,6),
('dav53',938,5),
('you16',938,2),
('bla116',938,3),
('rha183',939,2),
('cha99',939,1),
('jul150',939,3),
('pru36',940,2),
('wen88',940,1),
('ton168',940,3),
('gas67',941,2),
('wen56',941,1),
('pau163',942,5),
('mou89',942,2),
('pas60',942,3),
('iph39',942,1),
('mar32',942,4),
('nol77',943,1),
('san152',943,3),
('cyn61',943,1),
('axe79',944,4),
('suz171',944,1),
('mat31',944,2),
('zac78',944,3),
('wal92',945,1),
('cha70',945,2),
('dom181',946,3),
('joa21',946,1),
('mou89',946,4),
('que111',946,2),
('ily68',947,2),
('art43',947,3),
('dom12',947,1),
('bla116',948,2),
('chr4',948,1),
('pru36',949,4),
('ala47',949,3),
('sol125',949,2),
('mar32',949,1),
('ele38',950,2),
('dav53',950,3),
('dom184',950,1),
('fra8',951,3),
('nol77',951,1),
('lou132',951,4),
('den103',951,5),
('bri130',951,2),
('emm81',952,2),
('mel52',952,1),
('suz171',952,3),
('ren118',952,4),
('you16',953,1),
('den33',953,2),
('mau27',954,NULL),
('oli126',955,1),
('dom12',955,4),
('aur74',955,3),
('mel52',955,2),
('pru6',956,3),
('geh144',956,6),
('mar131',956,7),
('emm161',956,4),
('tif147',956,8),
('car139',956,9),
('bla116',956,1),
('chr4',956,5),
('zel82',956,2),
('lil113',957,3),
('bru187',957,1),
('wen88',957,4),
('fau46',957,2),
('cha99',958,NULL),
('fle13',958,NULL),
('lae80',959,1),
('jad3',959,4),
('mou109',959,2),
('rég101',959,3),
('zel82',960,NULL),
('emm191',960,NULL),
('arn22',961,2),
('yve44',961,1),
('mar182',962,3),
('den100',962,2),
('joa21',962,1),
('ale1',962,5),
('zac78',962,4),
('geh144',963,3),
('cas164',963,2),
('mam106',963,1),
('ily68',964,3),
('and115',964,5),
('dim167',964,4),
('pao135',964,1),
('maë153',964,2),
('lou35',965,NULL),
('rod155',965,NULL),
('yas72',965,NULL),
('jea120',965,NULL),
('wen88',966,NULL),
('den84',966,NULL),
('mou89',967,1),
('lou35',967,2),
('dom12',967,2),
('joh93',968,1),
('and115',968,2),
('wen56',968,2),
('pau163',969,2),
('cla159',969,1),
('maë153',970,2),
('den103',970,1),
('jea34',970,3),
('mar32',970,4),
('luc157',971,1),
('nor169',971,3),
('pru6',971,2),
('wen88',972,9),
('art43',972,5),
('pén158',972,6),
('mar140',972,10),
('axe79',972,4),
('céc194',972,8),
('oph138',972,2),
('den100',972,7),
('den103',972,3),
('elo148',972,1),
('mam106',973,3),
('joa21',973,2),
('mel145',973,4),
('chr4',973,1),
('pas60',974,2),
('ale1',974,1),
('jac174',975,NULL),
('gas67',976,NULL),
('flo142',976,NULL),
('zor170',976,NULL),
('mar104',976,NULL),
('den84',976,NULL),
('zac78',976,NULL),
('jos190',976,NULL),
('isi96',976,NULL),
('emi58',976,NULL),
('fra188',976,NULL),
('mic40',976,NULL),
('mar131',976,NULL),
('gab175',977,1),
('mam106',977,2),
('gas67',978,1),
('bén178',978,2),
('pru6',978,3),
('luc9',978,5),
('sam112',978,4),
('cha70',979,NULL),
('cha86',979,NULL),
('hél91',979,NULL),
('vir76',979,NULL),
('mar182',979,NULL),
('elo25',980,1),
('sol166',980,4),
('emm161',980,2),
('lud172',980,3),
('cha70',980,5),
('urs199',981,1),
('eli45',981,3),
('isa122',981,2),
('est124',982,6),
('zel165',982,1),
('lil113',982,4),
('cha57',982,2),
('eli185',982,3),
('iph39',982,5),
('chr62',983,5),
('fle13',983,3),
('ele38',983,2),
('ren118',983,1),
('zac78',983,4),
('bén178',984,1),
('ais97',984,2),
('mar182',985,6),
('meh177',985,1),
('emm110',985,4),
('den33',985,5),
('est124',985,1),
('gab175',985,3),
('jos127',986,NULL),
('joa21',986,NULL),
('cla159',987,3),
('mar131',987,2),
('elo148',987,1),
('hél91',988,5),
('dom181',988,3),
('zac78',988,2),
('arn22',988,1),
('geh144',988,4),
('mel52',989,NULL),
('den114',989,NULL),
('dam102',990,2),
('dom184',990,6),
('dom181',990,1),
('ilh24',990,5),
('den103',990,4),
('cri136',990,3),
('yas129',991,2),
('pét15',991,1),
('gas67',992,3),
('bla141',992,8),
('geh144',992,5),
('cam18',992,7),
('mau27',992,2),
('elo148',992,6),
('cha198',992,1),
('mar104',992,4),
('jul150',993,4),
('gra105',993,2),
('suz171',993,1),
('mar182',993,3),
('car139',994,2),
('cor0',994,3),
('mat31',994,4),
('jac174',994,1),
('joh75',994,5),
('hél73',994,6),
('lae80',994,7),
('mar131',995,2),
('mou109',995,1),
('mél94',996,3),
('eve196',996,2),
('fra20',996,4),
('fra179',996,1),
('jos190',997,NULL),
('geh144',997,NULL),
('océ176',998,1),
('luc85',998,2),
('ben11',998,3),
('ala47',998,4),
('mel145',998,5),
('ala47',999,1),
('cha86',999,2);